run,type,module,name,attrname,attrvalue,value,count,sumweights,mean,stddev,min,max,underflows,overflows,binedges,binvalues
General-0-20250310-16:32:25-6414,runattr,,,configname,General,,,,,,,,,,,
General-0-20250310-16:32:25-6414,runattr,,,datetime,20250310-16:32:25,,,,,,,,,,,
General-0-20250310-16:32:25-6414,runattr,,,datetimef,20250310-163225,,,,,,,,,,,
General-0-20250310-16:32:25-6414,runattr,,,experiment,General,,,,,,,,,,,
General-0-20250310-16:32:25-6414,runattr,,,inifile,omnetpp.ini,,,,,,,,,,,
General-0-20250310-16:32:25-6414,runattr,,,iterationvars,,,,,,,,,,,,
General-0-20250310-16:32:25-6414,runattr,,,iterationvarsd,,,,,,,,,,,,
General-0-20250310-16:32:25-6414,runattr,,,iterationvarsf,,,,,,,,,,,,
General-0-20250310-16:32:25-6414,runattr,,,measurement,,,,,,,,,,,,
General-0-20250310-16:32:25-6414,runattr,,,network,test_project.usingStandardProtocols.SimpleNetwork,,,,,,,,,,,
General-0-20250310-16:32:25-6414,runattr,,,processid,6414,,,,,,,,,,,
General-0-20250310-16:32:25-6414,runattr,,,repetition,0,,,,,,,,,,,
General-0-20250310-16:32:25-6414,runattr,,,replication,#0,,,,,,,,,,,
General-0-20250310-16:32:25-6414,runattr,,,resultdir,results,,,,,,,,,,,
General-0-20250310-16:32:25-6414,runattr,,,runnumber,0,,,,,,,,,,,
General-0-20250310-16:32:25-6414,runattr,,,seedset,0,,,,,,,,,,,
General-0-20250310-16:32:25-6414,config,,,image-path,../../../omnetpp-6.1.0/samples/inet/images,,,,,,,,,,,
General-0-20250310-16:32:25-6414,config,,,network,test_project.usingStandardProtocols.SimpleNetwork,,,,,,,,,,,
General-0-20250310-16:32:25-6414,config,,,sim-time-limit,5000s,,,,,,,,,,,
General-0-20250310-16:32:25-6414,config,,,**.router.forwarding,true,,,,,,,,,,,
General-0-20250310-16:32:25-6414,config,,,**.router.ipv4.typename,inet.networklayer.ipv4.Ipv4NetworkLayer,,,,,,,,,,,
General-0-20250310-16:32:25-6414,config,,,**.router.ipv4.ip.typename,test_project.usingStandardProtocols.CustomNetworkLayer,,,,,,,,,,,
General-0-20250310-16:32:25-6414,config,,,**.router.numEthInterfaces,2,,,,,,,,,,,
General-0-20250310-16:32:25-6414,config,,,**.client.numEthInterfaces,1,,,,,,,,,,,
General-0-20250310-16:32:25-6414,config,,,**.server.numEthInterfaces,1,,,,,,,,,,,
General-0-20250310-16:32:25-6414,config,,,**.client.numApps,1,,,,,,,,,,,
General-0-20250310-16:32:25-6414,config,,,**.client.app[0].typename,inet.applications.udpapp.UdpBasicApp,,,,,,,,,,,
General-0-20250310-16:32:25-6414,config,,,**.client.app[0].destAddresses,"""server""",,,,,,,,,,,
General-0-20250310-16:32:25-6414,config,,,**.client.app[0].destPort,5000,,,,,,,,,,,
General-0-20250310-16:32:25-6414,config,,,**.client.app[0].messageLength,1024B,,,,,,,,,,,
General-0-20250310-16:32:25-6414,config,,,**.client.app[0].startTime,0s,,,,,,,,,,,
General-0-20250310-16:32:25-6414,config,,,**.client.app[0].sendInterval,1s,,,,,,,,,,,
General-0-20250310-16:32:25-6414,config,,,**.server.numApps,1,,,,,,,,,,,
General-0-20250310-16:32:25-6414,config,,,**.server.app[0].typename,inet.applications.udpapp.UdpSink,,,,,,,,,,,
General-0-20250310-16:32:25-6414,config,,,**.server.app[0].localPort,5000,,,,,,,,,,,
General-0-20250310-16:32:25-6414,config,,,**.vector-recording,true,,,,,,,,,,,
General-0-20250310-16:32:25-6414,config,,,**.scalar-recording,true,,,,,,,,,,,
General-0-20250310-16:32:25-6414,config,,,**.statistic-recording,true,,,,,,,,,,,
General-0-20250310-16:32:25-6414,scalar,SimpleNetwork.router.ethernet,pauseSent:count,,,0,,,,,,,,,,
General-0-20250310-16:32:25-6414,attr,SimpleNetwork.router.ethernet,pauseSent:count,recordingmode,count,,,,,,,,,,,
General-0-20250310-16:32:25-6414,attr,SimpleNetwork.router.ethernet,pauseSent:count,title,"pause sent, count",,,,,,,,,,,
General-0-20250310-16:32:25-6414,scalar,SimpleNetwork.router.ethernet,pauseSent:sum,,,0,,,,,,,,,,
General-0-20250310-16:32:25-6414,attr,SimpleNetwork.router.ethernet,pauseSent:sum,recordingmode,sum,,,,,,,,,,,
General-0-20250310-16:32:25-6414,attr,SimpleNetwork.router.ethernet,pauseSent:sum,title,"pause sent, sum",,,,,,,,,,,
General-0-20250310-16:32:25-6414,scalar,SimpleNetwork.router.ethernet,decapPk:count,,,9,,,,,,,,,,
General-0-20250310-16:32:25-6414,attr,SimpleNetwork.router.ethernet,decapPk:count,interpolationmode,none,,,,,,,,,,,
General-0-20250310-16:32:25-6414,attr,SimpleNetwork.router.ethernet,decapPk:count,recordingmode,count,,,,,,,,,,,
General-0-20250310-16:32:25-6414,attr,SimpleNetwork.router.ethernet,decapPk:count,source,decapPk,,,,,,,,,,,
General-0-20250310-16:32:25-6414,attr,SimpleNetwork.router.ethernet,decapPk:count,title,"packets decapsulated, count",,,,,,,,,,,
General-0-20250310-16:32:25-6414,scalar,SimpleNetwork.router.ethernet,decapPk:sum(packetBytes),,,7456,,,,,,,,,,
General-0-20250310-16:32:25-6414,attr,SimpleNetwork.router.ethernet,decapPk:sum(packetBytes),interpolationmode,none,,,,,,,,,,,
General-0-20250310-16:32:25-6414,attr,SimpleNetwork.router.ethernet,decapPk:sum(packetBytes),recordingmode,sum(packetBytes),,,,,,,,,,,
General-0-20250310-16:32:25-6414,attr,SimpleNetwork.router.ethernet,decapPk:sum(packetBytes),source,decapPk,,,,,,,,,,,
General-0-20250310-16:32:25-6414,attr,SimpleNetwork.router.ethernet,decapPk:sum(packetBytes),title,"packets decapsulated, sum(packetBytes)",,,,,,,,,,,
General-0-20250310-16:32:25-6414,scalar,SimpleNetwork.router.ethernet,encapPk:count,,,3,,,,,,,,,,
General-0-20250310-16:32:25-6414,attr,SimpleNetwork.router.ethernet,encapPk:count,interpolationmode,none,,,,,,,,,,,
General-0-20250310-16:32:25-6414,attr,SimpleNetwork.router.ethernet,encapPk:count,recordingmode,count,,,,,,,,,,,
General-0-20250310-16:32:25-6414,attr,SimpleNetwork.router.ethernet,encapPk:count,source,encapPk,,,,,,,,,,,
General-0-20250310-16:32:25-6414,attr,SimpleNetwork.router.ethernet,encapPk:count,title,"packets encapsulated, count",,,,,,,,,,,
General-0-20250310-16:32:25-6414,scalar,SimpleNetwork.router.ethernet,encapPk:sum(packetBytes),,,1108,,,,,,,,,,
General-0-20250310-16:32:25-6414,attr,SimpleNetwork.router.ethernet,encapPk:sum(packetBytes),interpolationmode,none,,,,,,,,,,,
General-0-20250310-16:32:25-6414,attr,SimpleNetwork.router.ethernet,encapPk:sum(packetBytes),recordingmode,sum(packetBytes),,,,,,,,,,,
General-0-20250310-16:32:25-6414,attr,SimpleNetwork.router.ethernet,encapPk:sum(packetBytes),source,encapPk,,,,,,,,,,,
General-0-20250310-16:32:25-6414,attr,SimpleNetwork.router.ethernet,encapPk:sum(packetBytes),title,"packets encapsulated, sum(packetBytes)",,,,,,,,,,,
General-0-20250310-16:32:25-6414,scalar,SimpleNetwork.router.lo[0].lo,rcvdPkFromHl:count,,,0,,,,,,,,,,
General-0-20250310-16:32:25-6414,attr,SimpleNetwork.router.lo[0].lo,rcvdPkFromHl:count,interpolationmode,none,,,,,,,,,,,
General-0-20250310-16:32:25-6414,attr,SimpleNetwork.router.lo[0].lo,rcvdPkFromHl:count,recordingmode,count,,,,,,,,,,,
General-0-20250310-16:32:25-6414,attr,SimpleNetwork.router.lo[0].lo,rcvdPkFromHl:count,source,packetReceivedFromUpper,,,,,,,,,,,
General-0-20250310-16:32:25-6414,attr,SimpleNetwork.router.lo[0].lo,rcvdPkFromHl:count,title,"packets received from higher layer, count",,,,,,,,,,,
General-0-20250310-16:32:25-6414,scalar,SimpleNetwork.router.lo[0].lo,rcvdPkFromHl:sum(packetBytes),,,0,,,,,,,,,,
General-0-20250310-16:32:25-6414,attr,SimpleNetwork.router.lo[0].lo,rcvdPkFromHl:sum(packetBytes),interpolationmode,none,,,,,,,,,,,
General-0-20250310-16:32:25-6414,attr,SimpleNetwork.router.lo[0].lo,rcvdPkFromHl:sum(packetBytes),recordingmode,sum(packetBytes),,,,,,,,,,,
General-0-20250310-16:32:25-6414,attr,SimpleNetwork.router.lo[0].lo,rcvdPkFromHl:sum(packetBytes),source,packetReceivedFromUpper,,,,,,,,,,,
General-0-20250310-16:32:25-6414,attr,SimpleNetwork.router.lo[0].lo,rcvdPkFromHl:sum(packetBytes),title,"packets received from higher layer, sum(packetBytes)",,,,,,,,,,,
General-0-20250310-16:32:25-6414,scalar,SimpleNetwork.router.lo[0].lo,passedUpPk:count,,,0,,,,,,,,,,
General-0-20250310-16:32:25-6414,attr,SimpleNetwork.router.lo[0].lo,passedUpPk:count,interpolationmode,none,,,,,,,,,,,
General-0-20250310-16:32:25-6414,attr,SimpleNetwork.router.lo[0].lo,passedUpPk:count,recordingmode,count,,,,,,,,,,,
General-0-20250310-16:32:25-6414,attr,SimpleNetwork.router.lo[0].lo,passedUpPk:count,source,packetSentToUpper,,,,,,,,,,,
General-0-20250310-16:32:25-6414,attr,SimpleNetwork.router.lo[0].lo,passedUpPk:count,title,"packets passed to higher layer, count",,,,,,,,,,,
General-0-20250310-16:32:25-6414,scalar,SimpleNetwork.router.lo[0].lo,passedUpPk:sum(packetBytes),,,0,,,,,,,,,,
General-0-20250310-16:32:25-6414,attr,SimpleNetwork.router.lo[0].lo,passedUpPk:sum(packetBytes),interpolationmode,none,,,,,,,,,,,
General-0-20250310-16:32:25-6414,attr,SimpleNetwork.router.lo[0].lo,passedUpPk:sum(packetBytes),recordingmode,sum(packetBytes),,,,,,,,,,,
General-0-20250310-16:32:25-6414,attr,SimpleNetwork.router.lo[0].lo,passedUpPk:sum(packetBytes),source,packetSentToUpper,,,,,,,,,,,
General-0-20250310-16:32:25-6414,attr,SimpleNetwork.router.lo[0].lo,passedUpPk:sum(packetBytes),title,"packets passed to higher layer, sum(packetBytes)",,,,,,,,,,,
General-0-20250310-16:32:25-6414,scalar,SimpleNetwork.router.lo[0],packetDropInterfaceDown:count,,,0,,,,,,,,,,
General-0-20250310-16:32:25-6414,attr,SimpleNetwork.router.lo[0],packetDropInterfaceDown:count,interpolationmode,none,,,,,,,,,,,
General-0-20250310-16:32:25-6414,attr,SimpleNetwork.router.lo[0],packetDropInterfaceDown:count,recordingmode,count,,,,,,,,,,,
General-0-20250310-16:32:25-6414,attr,SimpleNetwork.router.lo[0],packetDropInterfaceDown:count,source,packetDropReasonIsInterfaceDown(packetDropped),,,,,,,,,,,
General-0-20250310-16:32:25-6414,attr,SimpleNetwork.router.lo[0],packetDropInterfaceDown:count,title,"packet drops: interface down, count",,,,,,,,,,,
General-0-20250310-16:32:25-6414,scalar,SimpleNetwork.router.lo[0],packetDropInterfaceDown:sum(packetBytes),,,0,,,,,,,,,,
General-0-20250310-16:32:25-6414,attr,SimpleNetwork.router.lo[0],packetDropInterfaceDown:sum(packetBytes),interpolationmode,none,,,,,,,,,,,
General-0-20250310-16:32:25-6414,attr,SimpleNetwork.router.lo[0],packetDropInterfaceDown:sum(packetBytes),recordingmode,sum(packetBytes),,,,,,,,,,,
General-0-20250310-16:32:25-6414,attr,SimpleNetwork.router.lo[0],packetDropInterfaceDown:sum(packetBytes),source,packetDropReasonIsInterfaceDown(packetDropped),,,,,,,,,,,
General-0-20250310-16:32:25-6414,attr,SimpleNetwork.router.lo[0],packetDropInterfaceDown:sum(packetBytes),title,"packet drops: interface down, sum(packetBytes)",,,,,,,,,,,
General-0-20250310-16:32:25-6414,scalar,SimpleNetwork.router.lo[0],packetDropNoCarrier:count,,,0,,,,,,,,,,
General-0-20250310-16:32:25-6414,attr,SimpleNetwork.router.lo[0],packetDropNoCarrier:count,interpolationmode,none,,,,,,,,,,,
General-0-20250310-16:32:25-6414,attr,SimpleNetwork.router.lo[0],packetDropNoCarrier:count,recordingmode,count,,,,,,,,,,,
General-0-20250310-16:32:25-6414,attr,SimpleNetwork.router.lo[0],packetDropNoCarrier:count,source,packetDropReasonIsNoCarrier(packetDropped),,,,,,,,,,,
General-0-20250310-16:32:25-6414,attr,SimpleNetwork.router.lo[0],packetDropNoCarrier:count,title,"packet drops: no carrier, count",,,,,,,,,,,
General-0-20250310-16:32:25-6414,scalar,SimpleNetwork.router.lo[0],packetDropNoCarrier:sum(packetBytes),,,0,,,,,,,,,,
General-0-20250310-16:32:25-6414,attr,SimpleNetwork.router.lo[0],packetDropNoCarrier:sum(packetBytes),interpolationmode,none,,,,,,,,,,,
General-0-20250310-16:32:25-6414,attr,SimpleNetwork.router.lo[0],packetDropNoCarrier:sum(packetBytes),recordingmode,sum(packetBytes),,,,,,,,,,,
General-0-20250310-16:32:25-6414,attr,SimpleNetwork.router.lo[0],packetDropNoCarrier:sum(packetBytes),source,packetDropReasonIsNoCarrier(packetDropped),,,,,,,,,,,
General-0-20250310-16:32:25-6414,attr,SimpleNetwork.router.lo[0],packetDropNoCarrier:sum(packetBytes),title,"packet drops: no carrier, sum(packetBytes)",,,,,,,,,,,
General-0-20250310-16:32:25-6414,scalar,SimpleNetwork.router.eth[0].queue,queueLength:last,,,0,,,,,,,,,,
General-0-20250310-16:32:25-6414,attr,SimpleNetwork.router.eth[0].queue,queueLength:last,autoWarmupFilter,false,,,,,,,,,,,
General-0-20250310-16:32:25-6414,attr,SimpleNetwork.router.eth[0].queue,queueLength:last,interpolationmode,sample-hold,,,,,,,,,,,
General-0-20250310-16:32:25-6414,attr,SimpleNetwork.router.eth[0].queue,queueLength:last,recordingmode,last,,,,,,,,,,,
General-0-20250310-16:32:25-6414,attr,SimpleNetwork.router.eth[0].queue,queueLength:last,source,warmup(atomic(constant0(packetPushEnded) + count(packetPushStarted) - count(packetPulled) - count(packetRemoved) - count(packetDropped))),,,,,,,,,,,
General-0-20250310-16:32:25-6414,attr,SimpleNetwork.router.eth[0].queue,queueLength:last,title,"queue length, last",,,,,,,,,,,
General-0-20250310-16:32:25-6414,attr,SimpleNetwork.router.eth[0].queue,queueLength:last,unit,pk,,,,,,,,,,,
General-0-20250310-16:32:25-6414,scalar,SimpleNetwork.router.eth[0].queue,queueLength:max,,,0,,,,,,,,,,
General-0-20250310-16:32:25-6414,attr,SimpleNetwork.router.eth[0].queue,queueLength:max,autoWarmupFilter,false,,,,,,,,,,,
General-0-20250310-16:32:25-6414,attr,SimpleNetwork.router.eth[0].queue,queueLength:max,interpolationmode,sample-hold,,,,,,,,,,,
General-0-20250310-16:32:25-6414,attr,SimpleNetwork.router.eth[0].queue,queueLength:max,recordingmode,max,,,,,,,,,,,
General-0-20250310-16:32:25-6414,attr,SimpleNetwork.router.eth[0].queue,queueLength:max,source,warmup(atomic(constant0(packetPushEnded) + count(packetPushStarted) - count(packetPulled) - count(packetRemoved) - count(packetDropped))),,,,,,,,,,,
General-0-20250310-16:32:25-6414,attr,SimpleNetwork.router.eth[0].queue,queueLength:max,title,"queue length, max",,,,,,,,,,,
General-0-20250310-16:32:25-6414,attr,SimpleNetwork.router.eth[0].queue,queueLength:max,unit,pk,,,,,,,,,,,
General-0-20250310-16:32:25-6414,scalar,SimpleNetwork.router.eth[0].queue,queueLength:timeavg,,,0,,,,,,,,,,
General-0-20250310-16:32:25-6414,attr,SimpleNetwork.router.eth[0].queue,queueLength:timeavg,autoWarmupFilter,false,,,,,,,,,,,
General-0-20250310-16:32:25-6414,attr,SimpleNetwork.router.eth[0].queue,queueLength:timeavg,interpolationmode,sample-hold,,,,,,,,,,,
General-0-20250310-16:32:25-6414,attr,SimpleNetwork.router.eth[0].queue,queueLength:timeavg,recordingmode,timeavg,,,,,,,,,,,
General-0-20250310-16:32:25-6414,attr,SimpleNetwork.router.eth[0].queue,queueLength:timeavg,source,warmup(atomic(constant0(packetPushEnded) + count(packetPushStarted) - count(packetPulled) - count(packetRemoved) - count(packetDropped))),,,,,,,,,,,
General-0-20250310-16:32:25-6414,attr,SimpleNetwork.router.eth[0].queue,queueLength:timeavg,title,"queue length, timeavg",,,,,,,,,,,
General-0-20250310-16:32:25-6414,attr,SimpleNetwork.router.eth[0].queue,queueLength:timeavg,unit,pk,,,,,,,,,,,
General-0-20250310-16:32:25-6414,scalar,SimpleNetwork.router.eth[0].queue,queueBitLength:last,,,0,,,,,,,,,,
General-0-20250310-16:32:25-6414,attr,SimpleNetwork.router.eth[0].queue,queueBitLength:last,autoWarmupFilter,false,,,,,,,,,,,
General-0-20250310-16:32:25-6414,attr,SimpleNetwork.router.eth[0].queue,queueBitLength:last,interpolationmode,sample-hold,,,,,,,,,,,
General-0-20250310-16:32:25-6414,attr,SimpleNetwork.router.eth[0].queue,queueBitLength:last,recordingmode,last,,,,,,,,,,,
General-0-20250310-16:32:25-6414,attr,SimpleNetwork.router.eth[0].queue,queueBitLength:last,source,warmup(atomic(constant0(packetPushEnded) + sum(packetLength(packetPushStarted)) - sum(packetLength(packetPulled)) - sum(packetLength(packetRemoved)) - sum(packetLength(packetDropped)))),,,,,,,,,,,
General-0-20250310-16:32:25-6414,attr,SimpleNetwork.router.eth[0].queue,queueBitLength:last,title,"queue bit length, last",,,,,,,,,,,
General-0-20250310-16:32:25-6414,attr,SimpleNetwork.router.eth[0].queue,queueBitLength:last,unit,b,,,,,,,,,,,
General-0-20250310-16:32:25-6414,scalar,SimpleNetwork.router.eth[0].queue,queueBitLength:max,,,0,,,,,,,,,,
General-0-20250310-16:32:25-6414,attr,SimpleNetwork.router.eth[0].queue,queueBitLength:max,autoWarmupFilter,false,,,,,,,,,,,
General-0-20250310-16:32:25-6414,attr,SimpleNetwork.router.eth[0].queue,queueBitLength:max,interpolationmode,sample-hold,,,,,,,,,,,
General-0-20250310-16:32:25-6414,attr,SimpleNetwork.router.eth[0].queue,queueBitLength:max,recordingmode,max,,,,,,,,,,,
General-0-20250310-16:32:25-6414,attr,SimpleNetwork.router.eth[0].queue,queueBitLength:max,source,warmup(atomic(constant0(packetPushEnded) + sum(packetLength(packetPushStarted)) - sum(packetLength(packetPulled)) - sum(packetLength(packetRemoved)) - sum(packetLength(packetDropped)))),,,,,,,,,,,
General-0-20250310-16:32:25-6414,attr,SimpleNetwork.router.eth[0].queue,queueBitLength:max,title,"queue bit length, max",,,,,,,,,,,
General-0-20250310-16:32:25-6414,attr,SimpleNetwork.router.eth[0].queue,queueBitLength:max,unit,b,,,,,,,,,,,
General-0-20250310-16:32:25-6414,scalar,SimpleNetwork.router.eth[0].queue,queueBitLength:timeavg,,,0,,,,,,,,,,
General-0-20250310-16:32:25-6414,attr,SimpleNetwork.router.eth[0].queue,queueBitLength:timeavg,autoWarmupFilter,false,,,,,,,,,,,
General-0-20250310-16:32:25-6414,attr,SimpleNetwork.router.eth[0].queue,queueBitLength:timeavg,interpolationmode,sample-hold,,,,,,,,,,,
General-0-20250310-16:32:25-6414,attr,SimpleNetwork.router.eth[0].queue,queueBitLength:timeavg,recordingmode,timeavg,,,,,,,,,,,
General-0-20250310-16:32:25-6414,attr,SimpleNetwork.router.eth[0].queue,queueBitLength:timeavg,source,warmup(atomic(constant0(packetPushEnded) + sum(packetLength(packetPushStarted)) - sum(packetLength(packetPulled)) - sum(packetLength(packetRemoved)) - sum(packetLength(packetDropped)))),,,,,,,,,,,
General-0-20250310-16:32:25-6414,attr,SimpleNetwork.router.eth[0].queue,queueBitLength:timeavg,title,"queue bit length, timeavg",,,,,,,,,,,
General-0-20250310-16:32:25-6414,attr,SimpleNetwork.router.eth[0].queue,queueBitLength:timeavg,unit,b,,,,,,,,,,,
General-0-20250310-16:32:25-6414,scalar,SimpleNetwork.router.eth[0].queue,outgoingPackets:count,,,1,,,,,,,,,,
General-0-20250310-16:32:25-6414,attr,SimpleNetwork.router.eth[0].queue,outgoingPackets:count,recordingmode,count,,,,,,,,,,,
General-0-20250310-16:32:25-6414,attr,SimpleNetwork.router.eth[0].queue,outgoingPackets:count,source,packetPulled,,,,,,,,,,,
General-0-20250310-16:32:25-6414,attr,SimpleNetwork.router.eth[0].queue,outgoingPackets:count,title,"outgoing packets, count",,,,,,,,,,,
General-0-20250310-16:32:25-6414,attr,SimpleNetwork.router.eth[0].queue,outgoingPackets:count,unit,pk,,,,,,,,,,,
General-0-20250310-16:32:25-6414,scalar,SimpleNetwork.router.eth[0].queue,outgoingPacketLengths:sum,,,368,,,,,,,,,,
General-0-20250310-16:32:25-6414,attr,SimpleNetwork.router.eth[0].queue,outgoingPacketLengths:sum,interpolationmode,none,,,,,,,,,,,
General-0-20250310-16:32:25-6414,attr,SimpleNetwork.router.eth[0].queue,outgoingPacketLengths:sum,recordingmode,sum,,,,,,,,,,,
General-0-20250310-16:32:25-6414,attr,SimpleNetwork.router.eth[0].queue,outgoingPacketLengths:sum,source,packetLength(packetPulled),,,,,,,,,,,
General-0-20250310-16:32:25-6414,attr,SimpleNetwork.router.eth[0].queue,outgoingPacketLengths:sum,title,"outgoing packet lengths, sum",,,,,,,,,,,
General-0-20250310-16:32:25-6414,attr,SimpleNetwork.router.eth[0].queue,outgoingPacketLengths:sum,unit,b,,,,,,,,,,,
General-0-20250310-16:32:25-6414,scalar,SimpleNetwork.router.eth[0].queue,incomingPackets:count,,,1,,,,,,,,,,
General-0-20250310-16:32:25-6414,attr,SimpleNetwork.router.eth[0].queue,incomingPackets:count,recordingmode,count,,,,,,,,,,,
General-0-20250310-16:32:25-6414,attr,SimpleNetwork.router.eth[0].queue,incomingPackets:count,source,packetPushStarted,,,,,,,,,,,
General-0-20250310-16:32:25-6414,attr,SimpleNetwork.router.eth[0].queue,incomingPackets:count,title,"incoming packets, count",,,,,,,,,,,
General-0-20250310-16:32:25-6414,attr,SimpleNetwork.router.eth[0].queue,incomingPackets:count,unit,pk,,,,,,,,,,,
General-0-20250310-16:32:25-6414,scalar,SimpleNetwork.router.eth[0].queue,incomingPacketLengths:sum,,,368,,,,,,,,,,
General-0-20250310-16:32:25-6414,attr,SimpleNetwork.router.eth[0].queue,incomingPacketLengths:sum,interpolationmode,none,,,,,,,,,,,
General-0-20250310-16:32:25-6414,attr,SimpleNetwork.router.eth[0].queue,incomingPacketLengths:sum,recordingmode,sum,,,,,,,,,,,
General-0-20250310-16:32:25-6414,attr,SimpleNetwork.router.eth[0].queue,incomingPacketLengths:sum,source,packetLength(packetPushStarted),,,,,,,,,,,
General-0-20250310-16:32:25-6414,attr,SimpleNetwork.router.eth[0].queue,incomingPacketLengths:sum,title,"incoming packet lengths, sum",,,,,,,,,,,
General-0-20250310-16:32:25-6414,attr,SimpleNetwork.router.eth[0].queue,incomingPacketLengths:sum,unit,b,,,,,,,,,,,
General-0-20250310-16:32:25-6414,scalar,SimpleNetwork.router.eth[0].queue,droppedPacketsQueueOverflow:count,,,0,,,,,,,,,,
General-0-20250310-16:32:25-6414,attr,SimpleNetwork.router.eth[0].queue,droppedPacketsQueueOverflow:count,interpolationmode,none,,,,,,,,,,,
General-0-20250310-16:32:25-6414,attr,SimpleNetwork.router.eth[0].queue,droppedPacketsQueueOverflow:count,recordingmode,count,,,,,,,,,,,
General-0-20250310-16:32:25-6414,attr,SimpleNetwork.router.eth[0].queue,droppedPacketsQueueOverflow:count,source,packetDropReasonIsQueueOverflow(packetDropped),,,,,,,,,,,
General-0-20250310-16:32:25-6414,attr,SimpleNetwork.router.eth[0].queue,droppedPacketsQueueOverflow:count,title,"dropped packets: queue overflow, count",,,,,,,,,,,
General-0-20250310-16:32:25-6414,attr,SimpleNetwork.router.eth[0].queue,droppedPacketsQueueOverflow:count,unit,pk,,,,,,,,,,,
General-0-20250310-16:32:25-6414,scalar,SimpleNetwork.router.eth[0].queue,droppedPacketLengthsQueueOverflow:sum,,,0,,,,,,,,,,
General-0-20250310-16:32:25-6414,attr,SimpleNetwork.router.eth[0].queue,droppedPacketLengthsQueueOverflow:sum,interpolationmode,none,,,,,,,,,,,
General-0-20250310-16:32:25-6414,attr,SimpleNetwork.router.eth[0].queue,droppedPacketLengthsQueueOverflow:sum,recordingmode,sum,,,,,,,,,,,
General-0-20250310-16:32:25-6414,attr,SimpleNetwork.router.eth[0].queue,droppedPacketLengthsQueueOverflow:sum,source,packetLength(packetDropReasonIsQueueOverflow(packetDropped)),,,,,,,,,,,
General-0-20250310-16:32:25-6414,attr,SimpleNetwork.router.eth[0].queue,droppedPacketLengthsQueueOverflow:sum,title,"dropped packet lengths: queue overflow, sum",,,,,,,,,,,
General-0-20250310-16:32:25-6414,attr,SimpleNetwork.router.eth[0].queue,droppedPacketLengthsQueueOverflow:sum,unit,b,,,,,,,,,,,
General-0-20250310-16:32:25-6414,scalar,SimpleNetwork.router.eth[0].mac,simulated time,,,7.000862426789,,,,,,,,,,
General-0-20250310-16:32:25-6414,scalar,SimpleNetwork.router.eth[0].mac,full-duplex,,,1,,,,,,,,,,
General-0-20250310-16:32:25-6414,scalar,SimpleNetwork.router.eth[0].mac,frames/sec sent,,,0.14283954447862,,,,,,,,,,
General-0-20250310-16:32:25-6414,scalar,SimpleNetwork.router.eth[0].mac,frames/sec rcvd,,,1.1427163558289,,,,,,,,,,
General-0-20250310-16:32:25-6414,scalar,SimpleNetwork.router.eth[0].mac,bits/sec sent,,,73.133846773051,,,,,,,,,,
General-0-20250310-16:32:25-6414,scalar,SimpleNetwork.router.eth[0].mac,bits/sec rcvd,,,8632.0793519317,,,,,,,,,,
General-0-20250310-16:32:25-6414,scalar,SimpleNetwork.router.eth[0].mac,rx channel idle (%),,,99.912947868013,,,,,,,,,,
General-0-20250310-16:32:25-6414,scalar,SimpleNetwork.router.eth[0].mac,rx channel utilization (%),,,0.087052131987048,,,,,,,,,,
General-0-20250310-16:32:25-6414,scalar,SimpleNetwork.router.eth[0].mac,rxPausePkUnits:count,,,0,,,,,,,,,,
General-0-20250310-16:32:25-6414,attr,SimpleNetwork.router.eth[0].mac,rxPausePkUnits:count,interpolationmode,none,,,,,,,,,,,
General-0-20250310-16:32:25-6414,attr,SimpleNetwork.router.eth[0].mac,rxPausePkUnits:count,recordingmode,count,,,,,,,,,,,
General-0-20250310-16:32:25-6414,attr,SimpleNetwork.router.eth[0].mac,rxPausePkUnits:count,title,"pause units received, count",,,,,,,,,,,
General-0-20250310-16:32:25-6414,scalar,SimpleNetwork.router.eth[0].mac,rxPausePkUnits:sum,,,0,,,,,,,,,,
General-0-20250310-16:32:25-6414,attr,SimpleNetwork.router.eth[0].mac,rxPausePkUnits:sum,interpolationmode,none,,,,,,,,,,,
General-0-20250310-16:32:25-6414,attr,SimpleNetwork.router.eth[0].mac,rxPausePkUnits:sum,recordingmode,sum,,,,,,,,,,,
General-0-20250310-16:32:25-6414,attr,SimpleNetwork.router.eth[0].mac,rxPausePkUnits:sum,title,"pause units received, sum",,,,,,,,,,,
General-0-20250310-16:32:25-6414,scalar,SimpleNetwork.router.eth[0].mac,txPausePkUnits:count,,,0,,,,,,,,,,
General-0-20250310-16:32:25-6414,attr,SimpleNetwork.router.eth[0].mac,txPausePkUnits:count,interpolationmode,none,,,,,,,,,,,
General-0-20250310-16:32:25-6414,attr,SimpleNetwork.router.eth[0].mac,txPausePkUnits:count,recordingmode,count,,,,,,,,,,,
General-0-20250310-16:32:25-6414,attr,SimpleNetwork.router.eth[0].mac,txPausePkUnits:count,title,"pause units sent, count",,,,,,,,,,,
General-0-20250310-16:32:25-6414,scalar,SimpleNetwork.router.eth[0].mac,txPausePkUnits:sum,,,0,,,,,,,,,,
General-0-20250310-16:32:25-6414,attr,SimpleNetwork.router.eth[0].mac,txPausePkUnits:sum,interpolationmode,none,,,,,,,,,,,
General-0-20250310-16:32:25-6414,attr,SimpleNetwork.router.eth[0].mac,txPausePkUnits:sum,recordingmode,sum,,,,,,,,,,,
General-0-20250310-16:32:25-6414,attr,SimpleNetwork.router.eth[0].mac,txPausePkUnits:sum,title,"pause units sent, sum",,,,,,,,,,,
General-0-20250310-16:32:25-6414,scalar,SimpleNetwork.router.eth[0].mac,rxPkOk:count,,,8,,,,,,,,,,
General-0-20250310-16:32:25-6414,attr,SimpleNetwork.router.eth[0].mac,rxPkOk:count,interpolationmode,none,,,,,,,,,,,
General-0-20250310-16:32:25-6414,attr,SimpleNetwork.router.eth[0].mac,rxPkOk:count,recordingmode,count,,,,,,,,,,,
General-0-20250310-16:32:25-6414,attr,SimpleNetwork.router.eth[0].mac,rxPkOk:count,source,rxPkOk,,,,,,,,,,,
General-0-20250310-16:32:25-6414,attr,SimpleNetwork.router.eth[0].mac,rxPkOk:count,title,"packets received OK, count",,,,,,,,,,,
General-0-20250310-16:32:25-6414,scalar,SimpleNetwork.router.eth[0].mac,rxPkOk:sum(packetBytes),,,7554,,,,,,,,,,
General-0-20250310-16:32:25-6414,attr,SimpleNetwork.router.eth[0].mac,rxPkOk:sum(packetBytes),interpolationmode,none,,,,,,,,,,,
General-0-20250310-16:32:25-6414,attr,SimpleNetwork.router.eth[0].mac,rxPkOk:sum(packetBytes),recordingmode,sum(packetBytes),,,,,,,,,,,
General-0-20250310-16:32:25-6414,attr,SimpleNetwork.router.eth[0].mac,rxPkOk:sum(packetBytes),source,rxPkOk,,,,,,,,,,,
General-0-20250310-16:32:25-6414,attr,SimpleNetwork.router.eth[0].mac,rxPkOk:sum(packetBytes),title,"packets received OK, sum(packetBytes)",,,,,,,,,,,
General-0-20250310-16:32:25-6414,scalar,SimpleNetwork.router.eth[0].mac,txPk:count,,,1,,,,,,,,,,
General-0-20250310-16:32:25-6414,attr,SimpleNetwork.router.eth[0].mac,txPk:count,interpolationmode,none,,,,,,,,,,,
General-0-20250310-16:32:25-6414,attr,SimpleNetwork.router.eth[0].mac,txPk:count,recordingmode,count,,,,,,,,,,,
General-0-20250310-16:32:25-6414,attr,SimpleNetwork.router.eth[0].mac,txPk:count,source,packetSentToLower,,,,,,,,,,,
General-0-20250310-16:32:25-6414,attr,SimpleNetwork.router.eth[0].mac,txPk:count,title,"packets transmitted, count",,,,,,,,,,,
General-0-20250310-16:32:25-6414,scalar,SimpleNetwork.router.eth[0].mac,txPk:sum(packetBytes),,,64,,,,,,,,,,
General-0-20250310-16:32:25-6414,attr,SimpleNetwork.router.eth[0].mac,txPk:sum(packetBytes),interpolationmode,none,,,,,,,,,,,
General-0-20250310-16:32:25-6414,attr,SimpleNetwork.router.eth[0].mac,txPk:sum(packetBytes),recordingmode,sum(packetBytes),,,,,,,,,,,
General-0-20250310-16:32:25-6414,attr,SimpleNetwork.router.eth[0].mac,txPk:sum(packetBytes),source,packetSentToLower,,,,,,,,,,,
General-0-20250310-16:32:25-6414,attr,SimpleNetwork.router.eth[0].mac,txPk:sum(packetBytes),title,"packets transmitted, sum(packetBytes)",,,,,,,,,,,
General-0-20250310-16:32:25-6414,scalar,SimpleNetwork.router.eth[0].mac,packetReceivedFromUpper:count,,,1,,,,,,,,,,
General-0-20250310-16:32:25-6414,attr,SimpleNetwork.router.eth[0].mac,packetReceivedFromUpper:count,interpolationmode,none,,,,,,,,,,,
General-0-20250310-16:32:25-6414,attr,SimpleNetwork.router.eth[0].mac,packetReceivedFromUpper:count,recordingmode,count,,,,,,,,,,,
General-0-20250310-16:32:25-6414,attr,SimpleNetwork.router.eth[0].mac,packetReceivedFromUpper:count,source,packetReceivedFromUpper,,,,,,,,,,,
General-0-20250310-16:32:25-6414,attr,SimpleNetwork.router.eth[0].mac,packetReceivedFromUpper:count,title,"packet bytes from higher layer, count",,,,,,,,,,,
General-0-20250310-16:32:25-6414,scalar,SimpleNetwork.router.eth[0].mac,packetReceivedFromUpper:sum(packetBytes),,,46,,,,,,,,,,
General-0-20250310-16:32:25-6414,attr,SimpleNetwork.router.eth[0].mac,packetReceivedFromUpper:sum(packetBytes),interpolationmode,none,,,,,,,,,,,
General-0-20250310-16:32:25-6414,attr,SimpleNetwork.router.eth[0].mac,packetReceivedFromUpper:sum(packetBytes),recordingmode,sum(packetBytes),,,,,,,,,,,
General-0-20250310-16:32:25-6414,attr,SimpleNetwork.router.eth[0].mac,packetReceivedFromUpper:sum(packetBytes),source,packetReceivedFromUpper,,,,,,,,,,,
General-0-20250310-16:32:25-6414,attr,SimpleNetwork.router.eth[0].mac,packetReceivedFromUpper:sum(packetBytes),title,"packet bytes from higher layer, sum(packetBytes)",,,,,,,,,,,
General-0-20250310-16:32:25-6414,scalar,SimpleNetwork.router.eth[0].mac,passedUpPk:count,,,8,,,,,,,,,,
General-0-20250310-16:32:25-6414,attr,SimpleNetwork.router.eth[0].mac,passedUpPk:count,interpolationmode,none,,,,,,,,,,,
General-0-20250310-16:32:25-6414,attr,SimpleNetwork.router.eth[0].mac,passedUpPk:count,recordingmode,count,,,,,,,,,,,
General-0-20250310-16:32:25-6414,attr,SimpleNetwork.router.eth[0].mac,passedUpPk:count,source,packetSentToUpper,,,,,,,,,,,
General-0-20250310-16:32:25-6414,attr,SimpleNetwork.router.eth[0].mac,passedUpPk:count,title,"packets passed to higher layer, count",,,,,,,,,,,
General-0-20250310-16:32:25-6414,scalar,SimpleNetwork.router.eth[0].mac,passedUpPk:sum(packetBytes),,,7554,,,,,,,,,,
General-0-20250310-16:32:25-6414,attr,SimpleNetwork.router.eth[0].mac,passedUpPk:sum(packetBytes),interpolationmode,none,,,,,,,,,,,
General-0-20250310-16:32:25-6414,attr,SimpleNetwork.router.eth[0].mac,passedUpPk:sum(packetBytes),recordingmode,sum(packetBytes),,,,,,,,,,,
General-0-20250310-16:32:25-6414,attr,SimpleNetwork.router.eth[0].mac,passedUpPk:sum(packetBytes),source,packetSentToUpper,,,,,,,,,,,
General-0-20250310-16:32:25-6414,attr,SimpleNetwork.router.eth[0].mac,passedUpPk:sum(packetBytes),title,"packets passed to higher layer, sum(packetBytes)",,,,,,,,,,,
General-0-20250310-16:32:25-6414,scalar,SimpleNetwork.router.eth[0].mac,packetDropIncorrectlyReceived:count,,,0,,,,,,,,,,
General-0-20250310-16:32:25-6414,attr,SimpleNetwork.router.eth[0].mac,packetDropIncorrectlyReceived:count,interpolationmode,none,,,,,,,,,,,
General-0-20250310-16:32:25-6414,attr,SimpleNetwork.router.eth[0].mac,packetDropIncorrectlyReceived:count,recordingmode,count,,,,,,,,,,,
General-0-20250310-16:32:25-6414,attr,SimpleNetwork.router.eth[0].mac,packetDropIncorrectlyReceived:count,source,packetDropReasonIsIncorrectlyReceived(packetDropped),,,,,,,,,,,
General-0-20250310-16:32:25-6414,attr,SimpleNetwork.router.eth[0].mac,packetDropIncorrectlyReceived:count,title,"packet drop: incorrectly received, count",,,,,,,,,,,
General-0-20250310-16:32:25-6414,scalar,SimpleNetwork.router.eth[0].mac,packetDropIncorrectlyReceived:sum(packetBytes),,,0,,,,,,,,,,
General-0-20250310-16:32:25-6414,attr,SimpleNetwork.router.eth[0].mac,packetDropIncorrectlyReceived:sum(packetBytes),interpolationmode,none,,,,,,,,,,,
General-0-20250310-16:32:25-6414,attr,SimpleNetwork.router.eth[0].mac,packetDropIncorrectlyReceived:sum(packetBytes),recordingmode,sum(packetBytes),,,,,,,,,,,
General-0-20250310-16:32:25-6414,attr,SimpleNetwork.router.eth[0].mac,packetDropIncorrectlyReceived:sum(packetBytes),source,packetDropReasonIsIncorrectlyReceived(packetDropped),,,,,,,,,,,
General-0-20250310-16:32:25-6414,attr,SimpleNetwork.router.eth[0].mac,packetDropIncorrectlyReceived:sum(packetBytes),title,"packet drop: incorrectly received, sum(packetBytes)",,,,,,,,,,,
General-0-20250310-16:32:25-6414,scalar,SimpleNetwork.router.eth[0].mac,packetDropInterfaceDown:count,,,0,,,,,,,,,,
General-0-20250310-16:32:25-6414,attr,SimpleNetwork.router.eth[0].mac,packetDropInterfaceDown:count,interpolationmode,none,,,,,,,,,,,
General-0-20250310-16:32:25-6414,attr,SimpleNetwork.router.eth[0].mac,packetDropInterfaceDown:count,recordingmode,count,,,,,,,,,,,
General-0-20250310-16:32:25-6414,attr,SimpleNetwork.router.eth[0].mac,packetDropInterfaceDown:count,source,packetDropReasonIsInterfaceDown(packetDropped),,,,,,,,,,,
General-0-20250310-16:32:25-6414,attr,SimpleNetwork.router.eth[0].mac,packetDropInterfaceDown:count,title,"packet drop: interface down, count",,,,,,,,,,,
General-0-20250310-16:32:25-6414,scalar,SimpleNetwork.router.eth[0].mac,packetDropInterfaceDown:sum(packetBytes),,,0,,,,,,,,,,
General-0-20250310-16:32:25-6414,attr,SimpleNetwork.router.eth[0].mac,packetDropInterfaceDown:sum(packetBytes),interpolationmode,none,,,,,,,,,,,
General-0-20250310-16:32:25-6414,attr,SimpleNetwork.router.eth[0].mac,packetDropInterfaceDown:sum(packetBytes),recordingmode,sum(packetBytes),,,,,,,,,,,
General-0-20250310-16:32:25-6414,attr,SimpleNetwork.router.eth[0].mac,packetDropInterfaceDown:sum(packetBytes),source,packetDropReasonIsInterfaceDown(packetDropped),,,,,,,,,,,
General-0-20250310-16:32:25-6414,attr,SimpleNetwork.router.eth[0].mac,packetDropInterfaceDown:sum(packetBytes),title,"packet drop: interface down, sum(packetBytes)",,,,,,,,,,,
General-0-20250310-16:32:25-6414,scalar,SimpleNetwork.router.eth[0].mac,packetDropNotAddressedToUs:count,,,0,,,,,,,,,,
General-0-20250310-16:32:25-6414,attr,SimpleNetwork.router.eth[0].mac,packetDropNotAddressedToUs:count,interpolationmode,none,,,,,,,,,,,
General-0-20250310-16:32:25-6414,attr,SimpleNetwork.router.eth[0].mac,packetDropNotAddressedToUs:count,recordingmode,count,,,,,,,,,,,
General-0-20250310-16:32:25-6414,attr,SimpleNetwork.router.eth[0].mac,packetDropNotAddressedToUs:count,source,packetDropReasonIsNotAddressedToUs(packetDropped),,,,,,,,,,,
General-0-20250310-16:32:25-6414,attr,SimpleNetwork.router.eth[0].mac,packetDropNotAddressedToUs:count,title,"packet drop: not addressed to us, count",,,,,,,,,,,
General-0-20250310-16:32:25-6414,scalar,SimpleNetwork.router.eth[0].mac,packetDropNotAddressedToUs:sum(packetBytes),,,0,,,,,,,,,,
General-0-20250310-16:32:25-6414,attr,SimpleNetwork.router.eth[0].mac,packetDropNotAddressedToUs:sum(packetBytes),interpolationmode,none,,,,,,,,,,,
General-0-20250310-16:32:25-6414,attr,SimpleNetwork.router.eth[0].mac,packetDropNotAddressedToUs:sum(packetBytes),recordingmode,sum(packetBytes),,,,,,,,,,,
General-0-20250310-16:32:25-6414,attr,SimpleNetwork.router.eth[0].mac,packetDropNotAddressedToUs:sum(packetBytes),source,packetDropReasonIsNotAddressedToUs(packetDropped),,,,,,,,,,,
General-0-20250310-16:32:25-6414,attr,SimpleNetwork.router.eth[0].mac,packetDropNotAddressedToUs:sum(packetBytes),title,"packet drop: not addressed to us, sum(packetBytes)",,,,,,,,,,,
General-0-20250310-16:32:25-6414,scalar,SimpleNetwork.router.eth[0],packetDropInterfaceDown:count,,,0,,,,,,,,,,
General-0-20250310-16:32:25-6414,attr,SimpleNetwork.router.eth[0],packetDropInterfaceDown:count,interpolationmode,none,,,,,,,,,,,
General-0-20250310-16:32:25-6414,attr,SimpleNetwork.router.eth[0],packetDropInterfaceDown:count,recordingmode,count,,,,,,,,,,,
General-0-20250310-16:32:25-6414,attr,SimpleNetwork.router.eth[0],packetDropInterfaceDown:count,source,packetDropReasonIsInterfaceDown(packetDropped),,,,,,,,,,,
General-0-20250310-16:32:25-6414,attr,SimpleNetwork.router.eth[0],packetDropInterfaceDown:count,title,"packet drops: interface down, count",,,,,,,,,,,
General-0-20250310-16:32:25-6414,scalar,SimpleNetwork.router.eth[0],packetDropInterfaceDown:sum(packetBytes),,,0,,,,,,,,,,
General-0-20250310-16:32:25-6414,attr,SimpleNetwork.router.eth[0],packetDropInterfaceDown:sum(packetBytes),interpolationmode,none,,,,,,,,,,,
General-0-20250310-16:32:25-6414,attr,SimpleNetwork.router.eth[0],packetDropInterfaceDown:sum(packetBytes),recordingmode,sum(packetBytes),,,,,,,,,,,
General-0-20250310-16:32:25-6414,attr,SimpleNetwork.router.eth[0],packetDropInterfaceDown:sum(packetBytes),source,packetDropReasonIsInterfaceDown(packetDropped),,,,,,,,,,,
General-0-20250310-16:32:25-6414,attr,SimpleNetwork.router.eth[0],packetDropInterfaceDown:sum(packetBytes),title,"packet drops: interface down, sum(packetBytes)",,,,,,,,,,,
General-0-20250310-16:32:25-6414,scalar,SimpleNetwork.router.eth[0],packetDropNoCarrier:count,,,0,,,,,,,,,,
General-0-20250310-16:32:25-6414,attr,SimpleNetwork.router.eth[0],packetDropNoCarrier:count,interpolationmode,none,,,,,,,,,,,
General-0-20250310-16:32:25-6414,attr,SimpleNetwork.router.eth[0],packetDropNoCarrier:count,recordingmode,count,,,,,,,,,,,
General-0-20250310-16:32:25-6414,attr,SimpleNetwork.router.eth[0],packetDropNoCarrier:count,source,packetDropReasonIsNoCarrier(packetDropped),,,,,,,,,,,
General-0-20250310-16:32:25-6414,attr,SimpleNetwork.router.eth[0],packetDropNoCarrier:count,title,"packet drops: no carrier, count",,,,,,,,,,,
General-0-20250310-16:32:25-6414,scalar,SimpleNetwork.router.eth[0],packetDropNoCarrier:sum(packetBytes),,,0,,,,,,,,,,
General-0-20250310-16:32:25-6414,attr,SimpleNetwork.router.eth[0],packetDropNoCarrier:sum(packetBytes),interpolationmode,none,,,,,,,,,,,
General-0-20250310-16:32:25-6414,attr,SimpleNetwork.router.eth[0],packetDropNoCarrier:sum(packetBytes),recordingmode,sum(packetBytes),,,,,,,,,,,
General-0-20250310-16:32:25-6414,attr,SimpleNetwork.router.eth[0],packetDropNoCarrier:sum(packetBytes),source,packetDropReasonIsNoCarrier(packetDropped),,,,,,,,,,,
General-0-20250310-16:32:25-6414,attr,SimpleNetwork.router.eth[0],packetDropNoCarrier:sum(packetBytes),title,"packet drops: no carrier, sum(packetBytes)",,,,,,,,,,,
General-0-20250310-16:32:25-6414,scalar,SimpleNetwork.router.eth[1].queue,queueLength:last,,,0,,,,,,,,,,
General-0-20250310-16:32:25-6414,attr,SimpleNetwork.router.eth[1].queue,queueLength:last,autoWarmupFilter,false,,,,,,,,,,,
General-0-20250310-16:32:25-6414,attr,SimpleNetwork.router.eth[1].queue,queueLength:last,interpolationmode,sample-hold,,,,,,,,,,,
General-0-20250310-16:32:25-6414,attr,SimpleNetwork.router.eth[1].queue,queueLength:last,recordingmode,last,,,,,,,,,,,
General-0-20250310-16:32:25-6414,attr,SimpleNetwork.router.eth[1].queue,queueLength:last,source,warmup(atomic(constant0(packetPushEnded) + count(packetPushStarted) - count(packetPulled) - count(packetRemoved) - count(packetDropped))),,,,,,,,,,,
General-0-20250310-16:32:25-6414,attr,SimpleNetwork.router.eth[1].queue,queueLength:last,title,"queue length, last",,,,,,,,,,,
General-0-20250310-16:32:25-6414,attr,SimpleNetwork.router.eth[1].queue,queueLength:last,unit,pk,,,,,,,,,,,
General-0-20250310-16:32:25-6414,scalar,SimpleNetwork.router.eth[1].queue,queueLength:max,,,0,,,,,,,,,,
General-0-20250310-16:32:25-6414,attr,SimpleNetwork.router.eth[1].queue,queueLength:max,autoWarmupFilter,false,,,,,,,,,,,
General-0-20250310-16:32:25-6414,attr,SimpleNetwork.router.eth[1].queue,queueLength:max,interpolationmode,sample-hold,,,,,,,,,,,
General-0-20250310-16:32:25-6414,attr,SimpleNetwork.router.eth[1].queue,queueLength:max,recordingmode,max,,,,,,,,,,,
General-0-20250310-16:32:25-6414,attr,SimpleNetwork.router.eth[1].queue,queueLength:max,source,warmup(atomic(constant0(packetPushEnded) + count(packetPushStarted) - count(packetPulled) - count(packetRemoved) - count(packetDropped))),,,,,,,,,,,
General-0-20250310-16:32:25-6414,attr,SimpleNetwork.router.eth[1].queue,queueLength:max,title,"queue length, max",,,,,,,,,,,
General-0-20250310-16:32:25-6414,attr,SimpleNetwork.router.eth[1].queue,queueLength:max,unit,pk,,,,,,,,,,,
General-0-20250310-16:32:25-6414,scalar,SimpleNetwork.router.eth[1].queue,queueLength:timeavg,,,0,,,,,,,,,,
General-0-20250310-16:32:25-6414,attr,SimpleNetwork.router.eth[1].queue,queueLength:timeavg,autoWarmupFilter,false,,,,,,,,,,,
General-0-20250310-16:32:25-6414,attr,SimpleNetwork.router.eth[1].queue,queueLength:timeavg,interpolationmode,sample-hold,,,,,,,,,,,
General-0-20250310-16:32:25-6414,attr,SimpleNetwork.router.eth[1].queue,queueLength:timeavg,recordingmode,timeavg,,,,,,,,,,,
General-0-20250310-16:32:25-6414,attr,SimpleNetwork.router.eth[1].queue,queueLength:timeavg,source,warmup(atomic(constant0(packetPushEnded) + count(packetPushStarted) - count(packetPulled) - count(packetRemoved) - count(packetDropped))),,,,,,,,,,,
General-0-20250310-16:32:25-6414,attr,SimpleNetwork.router.eth[1].queue,queueLength:timeavg,title,"queue length, timeavg",,,,,,,,,,,
General-0-20250310-16:32:25-6414,attr,SimpleNetwork.router.eth[1].queue,queueLength:timeavg,unit,pk,,,,,,,,,,,
General-0-20250310-16:32:25-6414,scalar,SimpleNetwork.router.eth[1].queue,queueBitLength:last,,,0,,,,,,,,,,
General-0-20250310-16:32:25-6414,attr,SimpleNetwork.router.eth[1].queue,queueBitLength:last,autoWarmupFilter,false,,,,,,,,,,,
General-0-20250310-16:32:25-6414,attr,SimpleNetwork.router.eth[1].queue,queueBitLength:last,interpolationmode,sample-hold,,,,,,,,,,,
General-0-20250310-16:32:25-6414,attr,SimpleNetwork.router.eth[1].queue,queueBitLength:last,recordingmode,last,,,,,,,,,,,
General-0-20250310-16:32:25-6414,attr,SimpleNetwork.router.eth[1].queue,queueBitLength:last,source,warmup(atomic(constant0(packetPushEnded) + sum(packetLength(packetPushStarted)) - sum(packetLength(packetPulled)) - sum(packetLength(packetRemoved)) - sum(packetLength(packetDropped)))),,,,,,,,,,,
General-0-20250310-16:32:25-6414,attr,SimpleNetwork.router.eth[1].queue,queueBitLength:last,title,"queue bit length, last",,,,,,,,,,,
General-0-20250310-16:32:25-6414,attr,SimpleNetwork.router.eth[1].queue,queueBitLength:last,unit,b,,,,,,,,,,,
General-0-20250310-16:32:25-6414,scalar,SimpleNetwork.router.eth[1].queue,queueBitLength:max,,,0,,,,,,,,,,
General-0-20250310-16:32:25-6414,attr,SimpleNetwork.router.eth[1].queue,queueBitLength:max,autoWarmupFilter,false,,,,,,,,,,,
General-0-20250310-16:32:25-6414,attr,SimpleNetwork.router.eth[1].queue,queueBitLength:max,interpolationmode,sample-hold,,,,,,,,,,,
General-0-20250310-16:32:25-6414,attr,SimpleNetwork.router.eth[1].queue,queueBitLength:max,recordingmode,max,,,,,,,,,,,
General-0-20250310-16:32:25-6414,attr,SimpleNetwork.router.eth[1].queue,queueBitLength:max,source,warmup(atomic(constant0(packetPushEnded) + sum(packetLength(packetPushStarted)) - sum(packetLength(packetPulled)) - sum(packetLength(packetRemoved)) - sum(packetLength(packetDropped)))),,,,,,,,,,,
General-0-20250310-16:32:25-6414,attr,SimpleNetwork.router.eth[1].queue,queueBitLength:max,title,"queue bit length, max",,,,,,,,,,,
General-0-20250310-16:32:25-6414,attr,SimpleNetwork.router.eth[1].queue,queueBitLength:max,unit,b,,,,,,,,,,,
General-0-20250310-16:32:25-6414,scalar,SimpleNetwork.router.eth[1].queue,queueBitLength:timeavg,,,0,,,,,,,,,,
General-0-20250310-16:32:25-6414,attr,SimpleNetwork.router.eth[1].queue,queueBitLength:timeavg,autoWarmupFilter,false,,,,,,,,,,,
General-0-20250310-16:32:25-6414,attr,SimpleNetwork.router.eth[1].queue,queueBitLength:timeavg,interpolationmode,sample-hold,,,,,,,,,,,
General-0-20250310-16:32:25-6414,attr,SimpleNetwork.router.eth[1].queue,queueBitLength:timeavg,recordingmode,timeavg,,,,,,,,,,,
General-0-20250310-16:32:25-6414,attr,SimpleNetwork.router.eth[1].queue,queueBitLength:timeavg,source,warmup(atomic(constant0(packetPushEnded) + sum(packetLength(packetPushStarted)) - sum(packetLength(packetPulled)) - sum(packetLength(packetRemoved)) - sum(packetLength(packetDropped)))),,,,,,,,,,,
General-0-20250310-16:32:25-6414,attr,SimpleNetwork.router.eth[1].queue,queueBitLength:timeavg,title,"queue bit length, timeavg",,,,,,,,,,,
General-0-20250310-16:32:25-6414,attr,SimpleNetwork.router.eth[1].queue,queueBitLength:timeavg,unit,b,,,,,,,,,,,
General-0-20250310-16:32:25-6414,scalar,SimpleNetwork.router.eth[1].queue,outgoingPackets:count,,,2,,,,,,,,,,
General-0-20250310-16:32:25-6414,attr,SimpleNetwork.router.eth[1].queue,outgoingPackets:count,recordingmode,count,,,,,,,,,,,
General-0-20250310-16:32:25-6414,attr,SimpleNetwork.router.eth[1].queue,outgoingPackets:count,source,packetPulled,,,,,,,,,,,
General-0-20250310-16:32:25-6414,attr,SimpleNetwork.router.eth[1].queue,outgoingPackets:count,title,"outgoing packets, count",,,,,,,,,,,
General-0-20250310-16:32:25-6414,attr,SimpleNetwork.router.eth[1].queue,outgoingPackets:count,unit,pk,,,,,,,,,,,
General-0-20250310-16:32:25-6414,scalar,SimpleNetwork.router.eth[1].queue,outgoingPacketLengths:sum,,,8928,,,,,,,,,,
General-0-20250310-16:32:25-6414,attr,SimpleNetwork.router.eth[1].queue,outgoingPacketLengths:sum,interpolationmode,none,,,,,,,,,,,
General-0-20250310-16:32:25-6414,attr,SimpleNetwork.router.eth[1].queue,outgoingPacketLengths:sum,recordingmode,sum,,,,,,,,,,,
General-0-20250310-16:32:25-6414,attr,SimpleNetwork.router.eth[1].queue,outgoingPacketLengths:sum,source,packetLength(packetPulled),,,,,,,,,,,
General-0-20250310-16:32:25-6414,attr,SimpleNetwork.router.eth[1].queue,outgoingPacketLengths:sum,title,"outgoing packet lengths, sum",,,,,,,,,,,
General-0-20250310-16:32:25-6414,attr,SimpleNetwork.router.eth[1].queue,outgoingPacketLengths:sum,unit,b,,,,,,,,,,,
General-0-20250310-16:32:25-6414,scalar,SimpleNetwork.router.eth[1].queue,incomingPackets:count,,,2,,,,,,,,,,
General-0-20250310-16:32:25-6414,attr,SimpleNetwork.router.eth[1].queue,incomingPackets:count,recordingmode,count,,,,,,,,,,,
General-0-20250310-16:32:25-6414,attr,SimpleNetwork.router.eth[1].queue,incomingPackets:count,source,packetPushStarted,,,,,,,,,,,
General-0-20250310-16:32:25-6414,attr,SimpleNetwork.router.eth[1].queue,incomingPackets:count,title,"incoming packets, count",,,,,,,,,,,
General-0-20250310-16:32:25-6414,attr,SimpleNetwork.router.eth[1].queue,incomingPackets:count,unit,pk,,,,,,,,,,,
General-0-20250310-16:32:25-6414,scalar,SimpleNetwork.router.eth[1].queue,incomingPacketLengths:sum,,,8928,,,,,,,,,,
General-0-20250310-16:32:25-6414,attr,SimpleNetwork.router.eth[1].queue,incomingPacketLengths:sum,interpolationmode,none,,,,,,,,,,,
General-0-20250310-16:32:25-6414,attr,SimpleNetwork.router.eth[1].queue,incomingPacketLengths:sum,recordingmode,sum,,,,,,,,,,,
General-0-20250310-16:32:25-6414,attr,SimpleNetwork.router.eth[1].queue,incomingPacketLengths:sum,source,packetLength(packetPushStarted),,,,,,,,,,,
General-0-20250310-16:32:25-6414,attr,SimpleNetwork.router.eth[1].queue,incomingPacketLengths:sum,title,"incoming packet lengths, sum",,,,,,,,,,,
General-0-20250310-16:32:25-6414,attr,SimpleNetwork.router.eth[1].queue,incomingPacketLengths:sum,unit,b,,,,,,,,,,,
General-0-20250310-16:32:25-6414,scalar,SimpleNetwork.router.eth[1].queue,droppedPacketsQueueOverflow:count,,,0,,,,,,,,,,
General-0-20250310-16:32:25-6414,attr,SimpleNetwork.router.eth[1].queue,droppedPacketsQueueOverflow:count,interpolationmode,none,,,,,,,,,,,
General-0-20250310-16:32:25-6414,attr,SimpleNetwork.router.eth[1].queue,droppedPacketsQueueOverflow:count,recordingmode,count,,,,,,,,,,,
General-0-20250310-16:32:25-6414,attr,SimpleNetwork.router.eth[1].queue,droppedPacketsQueueOverflow:count,source,packetDropReasonIsQueueOverflow(packetDropped),,,,,,,,,,,
General-0-20250310-16:32:25-6414,attr,SimpleNetwork.router.eth[1].queue,droppedPacketsQueueOverflow:count,title,"dropped packets: queue overflow, count",,,,,,,,,,,
General-0-20250310-16:32:25-6414,attr,SimpleNetwork.router.eth[1].queue,droppedPacketsQueueOverflow:count,unit,pk,,,,,,,,,,,
General-0-20250310-16:32:25-6414,scalar,SimpleNetwork.router.eth[1].queue,droppedPacketLengthsQueueOverflow:sum,,,0,,,,,,,,,,
General-0-20250310-16:32:25-6414,attr,SimpleNetwork.router.eth[1].queue,droppedPacketLengthsQueueOverflow:sum,interpolationmode,none,,,,,,,,,,,
General-0-20250310-16:32:25-6414,attr,SimpleNetwork.router.eth[1].queue,droppedPacketLengthsQueueOverflow:sum,recordingmode,sum,,,,,,,,,,,
General-0-20250310-16:32:25-6414,attr,SimpleNetwork.router.eth[1].queue,droppedPacketLengthsQueueOverflow:sum,source,packetLength(packetDropReasonIsQueueOverflow(packetDropped)),,,,,,,,,,,
General-0-20250310-16:32:25-6414,attr,SimpleNetwork.router.eth[1].queue,droppedPacketLengthsQueueOverflow:sum,title,"dropped packet lengths: queue overflow, sum",,,,,,,,,,,
General-0-20250310-16:32:25-6414,attr,SimpleNetwork.router.eth[1].queue,droppedPacketLengthsQueueOverflow:sum,unit,b,,,,,,,,,,,
General-0-20250310-16:32:25-6414,scalar,SimpleNetwork.router.eth[1].mac,simulated time,,,7.000862426789,,,,,,,,,,
General-0-20250310-16:32:25-6414,scalar,SimpleNetwork.router.eth[1].mac,full-duplex,,,1,,,,,,,,,,
General-0-20250310-16:32:25-6414,scalar,SimpleNetwork.router.eth[1].mac,frames/sec sent,,,0.28567908895723,,,,,,,,,,
General-0-20250310-16:32:25-6414,scalar,SimpleNetwork.router.eth[1].mac,frames/sec rcvd,,,0.14283954447862,,,,,,,,,,
General-0-20250310-16:32:25-6414,scalar,SimpleNetwork.router.eth[1].mac,bits/sec sent,,,1295.84034751,,,,,,,,,,
General-0-20250310-16:32:25-6414,scalar,SimpleNetwork.router.eth[1].mac,bits/sec rcvd,,,73.133846773051,,,,,,,,,,
General-0-20250310-16:32:25-6414,scalar,SimpleNetwork.router.eth[1].mac,rx channel idle (%),,,99.999177244224,,,,,,,,,,
General-0-20250310-16:32:25-6414,scalar,SimpleNetwork.router.eth[1].mac,rx channel utilization (%),,,0.00082275577619683,,,,,,,,,,
General-0-20250310-16:32:25-6414,scalar,SimpleNetwork.router.eth[1].mac,rxPausePkUnits:count,,,0,,,,,,,,,,
General-0-20250310-16:32:25-6414,attr,SimpleNetwork.router.eth[1].mac,rxPausePkUnits:count,interpolationmode,none,,,,,,,,,,,
General-0-20250310-16:32:25-6414,attr,SimpleNetwork.router.eth[1].mac,rxPausePkUnits:count,recordingmode,count,,,,,,,,,,,
General-0-20250310-16:32:25-6414,attr,SimpleNetwork.router.eth[1].mac,rxPausePkUnits:count,title,"pause units received, count",,,,,,,,,,,
General-0-20250310-16:32:25-6414,scalar,SimpleNetwork.router.eth[1].mac,rxPausePkUnits:sum,,,0,,,,,,,,,,
General-0-20250310-16:32:25-6414,attr,SimpleNetwork.router.eth[1].mac,rxPausePkUnits:sum,interpolationmode,none,,,,,,,,,,,
General-0-20250310-16:32:25-6414,attr,SimpleNetwork.router.eth[1].mac,rxPausePkUnits:sum,recordingmode,sum,,,,,,,,,,,
General-0-20250310-16:32:25-6414,attr,SimpleNetwork.router.eth[1].mac,rxPausePkUnits:sum,title,"pause units received, sum",,,,,,,,,,,
General-0-20250310-16:32:25-6414,scalar,SimpleNetwork.router.eth[1].mac,txPausePkUnits:count,,,0,,,,,,,,,,
General-0-20250310-16:32:25-6414,attr,SimpleNetwork.router.eth[1].mac,txPausePkUnits:count,interpolationmode,none,,,,,,,,,,,
General-0-20250310-16:32:25-6414,attr,SimpleNetwork.router.eth[1].mac,txPausePkUnits:count,recordingmode,count,,,,,,,,,,,
General-0-20250310-16:32:25-6414,attr,SimpleNetwork.router.eth[1].mac,txPausePkUnits:count,title,"pause units sent, count",,,,,,,,,,,
General-0-20250310-16:32:25-6414,scalar,SimpleNetwork.router.eth[1].mac,txPausePkUnits:sum,,,0,,,,,,,,,,
General-0-20250310-16:32:25-6414,attr,SimpleNetwork.router.eth[1].mac,txPausePkUnits:sum,interpolationmode,none,,,,,,,,,,,
General-0-20250310-16:32:25-6414,attr,SimpleNetwork.router.eth[1].mac,txPausePkUnits:sum,recordingmode,sum,,,,,,,,,,,
General-0-20250310-16:32:25-6414,attr,SimpleNetwork.router.eth[1].mac,txPausePkUnits:sum,title,"pause units sent, sum",,,,,,,,,,,
General-0-20250310-16:32:25-6414,scalar,SimpleNetwork.router.eth[1].mac,rxPkOk:count,,,1,,,,,,,,,,
General-0-20250310-16:32:25-6414,attr,SimpleNetwork.router.eth[1].mac,rxPkOk:count,interpolationmode,none,,,,,,,,,,,
General-0-20250310-16:32:25-6414,attr,SimpleNetwork.router.eth[1].mac,rxPkOk:count,recordingmode,count,,,,,,,,,,,
General-0-20250310-16:32:25-6414,attr,SimpleNetwork.router.eth[1].mac,rxPkOk:count,source,rxPkOk,,,,,,,,,,,
General-0-20250310-16:32:25-6414,attr,SimpleNetwork.router.eth[1].mac,rxPkOk:count,title,"packets received OK, count",,,,,,,,,,,
General-0-20250310-16:32:25-6414,scalar,SimpleNetwork.router.eth[1].mac,rxPkOk:sum(packetBytes),,,64,,,,,,,,,,
General-0-20250310-16:32:25-6414,attr,SimpleNetwork.router.eth[1].mac,rxPkOk:sum(packetBytes),interpolationmode,none,,,,,,,,,,,
General-0-20250310-16:32:25-6414,attr,SimpleNetwork.router.eth[1].mac,rxPkOk:sum(packetBytes),recordingmode,sum(packetBytes),,,,,,,,,,,
General-0-20250310-16:32:25-6414,attr,SimpleNetwork.router.eth[1].mac,rxPkOk:sum(packetBytes),source,rxPkOk,,,,,,,,,,,
General-0-20250310-16:32:25-6414,attr,SimpleNetwork.router.eth[1].mac,rxPkOk:sum(packetBytes),title,"packets received OK, sum(packetBytes)",,,,,,,,,,,
General-0-20250310-16:32:25-6414,scalar,SimpleNetwork.router.eth[1].mac,txPk:count,,,2,,,,,,,,,,
General-0-20250310-16:32:25-6414,attr,SimpleNetwork.router.eth[1].mac,txPk:count,interpolationmode,none,,,,,,,,,,,
General-0-20250310-16:32:25-6414,attr,SimpleNetwork.router.eth[1].mac,txPk:count,recordingmode,count,,,,,,,,,,,
General-0-20250310-16:32:25-6414,attr,SimpleNetwork.router.eth[1].mac,txPk:count,source,packetSentToLower,,,,,,,,,,,
General-0-20250310-16:32:25-6414,attr,SimpleNetwork.router.eth[1].mac,txPk:count,title,"packets transmitted, count",,,,,,,,,,,
General-0-20250310-16:32:25-6414,scalar,SimpleNetwork.router.eth[1].mac,txPk:sum(packetBytes),,,1134,,,,,,,,,,
General-0-20250310-16:32:25-6414,attr,SimpleNetwork.router.eth[1].mac,txPk:sum(packetBytes),interpolationmode,none,,,,,,,,,,,
General-0-20250310-16:32:25-6414,attr,SimpleNetwork.router.eth[1].mac,txPk:sum(packetBytes),recordingmode,sum(packetBytes),,,,,,,,,,,
General-0-20250310-16:32:25-6414,attr,SimpleNetwork.router.eth[1].mac,txPk:sum(packetBytes),source,packetSentToLower,,,,,,,,,,,
General-0-20250310-16:32:25-6414,attr,SimpleNetwork.router.eth[1].mac,txPk:sum(packetBytes),title,"packets transmitted, sum(packetBytes)",,,,,,,,,,,
General-0-20250310-16:32:25-6414,scalar,SimpleNetwork.router.eth[1].mac,packetReceivedFromUpper:count,,,2,,,,,,,,,,
General-0-20250310-16:32:25-6414,attr,SimpleNetwork.router.eth[1].mac,packetReceivedFromUpper:count,interpolationmode,none,,,,,,,,,,,
General-0-20250310-16:32:25-6414,attr,SimpleNetwork.router.eth[1].mac,packetReceivedFromUpper:count,recordingmode,count,,,,,,,,,,,
General-0-20250310-16:32:25-6414,attr,SimpleNetwork.router.eth[1].mac,packetReceivedFromUpper:count,source,packetReceivedFromUpper,,,,,,,,,,,
General-0-20250310-16:32:25-6414,attr,SimpleNetwork.router.eth[1].mac,packetReceivedFromUpper:count,title,"packet bytes from higher layer, count",,,,,,,,,,,
General-0-20250310-16:32:25-6414,scalar,SimpleNetwork.router.eth[1].mac,packetReceivedFromUpper:sum(packetBytes),,,1116,,,,,,,,,,
General-0-20250310-16:32:25-6414,attr,SimpleNetwork.router.eth[1].mac,packetReceivedFromUpper:sum(packetBytes),interpolationmode,none,,,,,,,,,,,
General-0-20250310-16:32:25-6414,attr,SimpleNetwork.router.eth[1].mac,packetReceivedFromUpper:sum(packetBytes),recordingmode,sum(packetBytes),,,,,,,,,,,
General-0-20250310-16:32:25-6414,attr,SimpleNetwork.router.eth[1].mac,packetReceivedFromUpper:sum(packetBytes),source,packetReceivedFromUpper,,,,,,,,,,,
General-0-20250310-16:32:25-6414,attr,SimpleNetwork.router.eth[1].mac,packetReceivedFromUpper:sum(packetBytes),title,"packet bytes from higher layer, sum(packetBytes)",,,,,,,,,,,
General-0-20250310-16:32:25-6414,scalar,SimpleNetwork.router.eth[1].mac,passedUpPk:count,,,1,,,,,,,,,,
General-0-20250310-16:32:25-6414,attr,SimpleNetwork.router.eth[1].mac,passedUpPk:count,interpolationmode,none,,,,,,,,,,,
General-0-20250310-16:32:25-6414,attr,SimpleNetwork.router.eth[1].mac,passedUpPk:count,recordingmode,count,,,,,,,,,,,
General-0-20250310-16:32:25-6414,attr,SimpleNetwork.router.eth[1].mac,passedUpPk:count,source,packetSentToUpper,,,,,,,,,,,
General-0-20250310-16:32:25-6414,attr,SimpleNetwork.router.eth[1].mac,passedUpPk:count,title,"packets passed to higher layer, count",,,,,,,,,,,
General-0-20250310-16:32:25-6414,scalar,SimpleNetwork.router.eth[1].mac,passedUpPk:sum(packetBytes),,,64,,,,,,,,,,
General-0-20250310-16:32:25-6414,attr,SimpleNetwork.router.eth[1].mac,passedUpPk:sum(packetBytes),interpolationmode,none,,,,,,,,,,,
General-0-20250310-16:32:25-6414,attr,SimpleNetwork.router.eth[1].mac,passedUpPk:sum(packetBytes),recordingmode,sum(packetBytes),,,,,,,,,,,
General-0-20250310-16:32:25-6414,attr,SimpleNetwork.router.eth[1].mac,passedUpPk:sum(packetBytes),source,packetSentToUpper,,,,,,,,,,,
General-0-20250310-16:32:25-6414,attr,SimpleNetwork.router.eth[1].mac,passedUpPk:sum(packetBytes),title,"packets passed to higher layer, sum(packetBytes)",,,,,,,,,,,
General-0-20250310-16:32:25-6414,scalar,SimpleNetwork.router.eth[1].mac,packetDropIncorrectlyReceived:count,,,0,,,,,,,,,,
General-0-20250310-16:32:25-6414,attr,SimpleNetwork.router.eth[1].mac,packetDropIncorrectlyReceived:count,interpolationmode,none,,,,,,,,,,,
General-0-20250310-16:32:25-6414,attr,SimpleNetwork.router.eth[1].mac,packetDropIncorrectlyReceived:count,recordingmode,count,,,,,,,,,,,
General-0-20250310-16:32:25-6414,attr,SimpleNetwork.router.eth[1].mac,packetDropIncorrectlyReceived:count,source,packetDropReasonIsIncorrectlyReceived(packetDropped),,,,,,,,,,,
General-0-20250310-16:32:25-6414,attr,SimpleNetwork.router.eth[1].mac,packetDropIncorrectlyReceived:count,title,"packet drop: incorrectly received, count",,,,,,,,,,,
General-0-20250310-16:32:25-6414,scalar,SimpleNetwork.router.eth[1].mac,packetDropIncorrectlyReceived:sum(packetBytes),,,0,,,,,,,,,,
General-0-20250310-16:32:25-6414,attr,SimpleNetwork.router.eth[1].mac,packetDropIncorrectlyReceived:sum(packetBytes),interpolationmode,none,,,,,,,,,,,
General-0-20250310-16:32:25-6414,attr,SimpleNetwork.router.eth[1].mac,packetDropIncorrectlyReceived:sum(packetBytes),recordingmode,sum(packetBytes),,,,,,,,,,,
General-0-20250310-16:32:25-6414,attr,SimpleNetwork.router.eth[1].mac,packetDropIncorrectlyReceived:sum(packetBytes),source,packetDropReasonIsIncorrectlyReceived(packetDropped),,,,,,,,,,,
General-0-20250310-16:32:25-6414,attr,SimpleNetwork.router.eth[1].mac,packetDropIncorrectlyReceived:sum(packetBytes),title,"packet drop: incorrectly received, sum(packetBytes)",,,,,,,,,,,
General-0-20250310-16:32:25-6414,scalar,SimpleNetwork.router.eth[1].mac,packetDropInterfaceDown:count,,,0,,,,,,,,,,
General-0-20250310-16:32:25-6414,attr,SimpleNetwork.router.eth[1].mac,packetDropInterfaceDown:count,interpolationmode,none,,,,,,,,,,,
General-0-20250310-16:32:25-6414,attr,SimpleNetwork.router.eth[1].mac,packetDropInterfaceDown:count,recordingmode,count,,,,,,,,,,,
General-0-20250310-16:32:25-6414,attr,SimpleNetwork.router.eth[1].mac,packetDropInterfaceDown:count,source,packetDropReasonIsInterfaceDown(packetDropped),,,,,,,,,,,
General-0-20250310-16:32:25-6414,attr,SimpleNetwork.router.eth[1].mac,packetDropInterfaceDown:count,title,"packet drop: interface down, count",,,,,,,,,,,
General-0-20250310-16:32:25-6414,scalar,SimpleNetwork.router.eth[1].mac,packetDropInterfaceDown:sum(packetBytes),,,0,,,,,,,,,,
General-0-20250310-16:32:25-6414,attr,SimpleNetwork.router.eth[1].mac,packetDropInterfaceDown:sum(packetBytes),interpolationmode,none,,,,,,,,,,,
General-0-20250310-16:32:25-6414,attr,SimpleNetwork.router.eth[1].mac,packetDropInterfaceDown:sum(packetBytes),recordingmode,sum(packetBytes),,,,,,,,,,,
General-0-20250310-16:32:25-6414,attr,SimpleNetwork.router.eth[1].mac,packetDropInterfaceDown:sum(packetBytes),source,packetDropReasonIsInterfaceDown(packetDropped),,,,,,,,,,,
General-0-20250310-16:32:25-6414,attr,SimpleNetwork.router.eth[1].mac,packetDropInterfaceDown:sum(packetBytes),title,"packet drop: interface down, sum(packetBytes)",,,,,,,,,,,
General-0-20250310-16:32:25-6414,scalar,SimpleNetwork.router.eth[1].mac,packetDropNotAddressedToUs:count,,,0,,,,,,,,,,
General-0-20250310-16:32:25-6414,attr,SimpleNetwork.router.eth[1].mac,packetDropNotAddressedToUs:count,interpolationmode,none,,,,,,,,,,,
General-0-20250310-16:32:25-6414,attr,SimpleNetwork.router.eth[1].mac,packetDropNotAddressedToUs:count,recordingmode,count,,,,,,,,,,,
General-0-20250310-16:32:25-6414,attr,SimpleNetwork.router.eth[1].mac,packetDropNotAddressedToUs:count,source,packetDropReasonIsNotAddressedToUs(packetDropped),,,,,,,,,,,
General-0-20250310-16:32:25-6414,attr,SimpleNetwork.router.eth[1].mac,packetDropNotAddressedToUs:count,title,"packet drop: not addressed to us, count",,,,,,,,,,,
General-0-20250310-16:32:25-6414,scalar,SimpleNetwork.router.eth[1].mac,packetDropNotAddressedToUs:sum(packetBytes),,,0,,,,,,,,,,
General-0-20250310-16:32:25-6414,attr,SimpleNetwork.router.eth[1].mac,packetDropNotAddressedToUs:sum(packetBytes),interpolationmode,none,,,,,,,,,,,
General-0-20250310-16:32:25-6414,attr,SimpleNetwork.router.eth[1].mac,packetDropNotAddressedToUs:sum(packetBytes),recordingmode,sum(packetBytes),,,,,,,,,,,
General-0-20250310-16:32:25-6414,attr,SimpleNetwork.router.eth[1].mac,packetDropNotAddressedToUs:sum(packetBytes),source,packetDropReasonIsNotAddressedToUs(packetDropped),,,,,,,,,,,
General-0-20250310-16:32:25-6414,attr,SimpleNetwork.router.eth[1].mac,packetDropNotAddressedToUs:sum(packetBytes),title,"packet drop: not addressed to us, sum(packetBytes)",,,,,,,,,,,
General-0-20250310-16:32:25-6414,scalar,SimpleNetwork.router.eth[1],packetDropInterfaceDown:count,,,0,,,,,,,,,,
General-0-20250310-16:32:25-6414,attr,SimpleNetwork.router.eth[1],packetDropInterfaceDown:count,interpolationmode,none,,,,,,,,,,,
General-0-20250310-16:32:25-6414,attr,SimpleNetwork.router.eth[1],packetDropInterfaceDown:count,recordingmode,count,,,,,,,,,,,
General-0-20250310-16:32:25-6414,attr,SimpleNetwork.router.eth[1],packetDropInterfaceDown:count,source,packetDropReasonIsInterfaceDown(packetDropped),,,,,,,,,,,
General-0-20250310-16:32:25-6414,attr,SimpleNetwork.router.eth[1],packetDropInterfaceDown:count,title,"packet drops: interface down, count",,,,,,,,,,,
General-0-20250310-16:32:25-6414,scalar,SimpleNetwork.router.eth[1],packetDropInterfaceDown:sum(packetBytes),,,0,,,,,,,,,,
General-0-20250310-16:32:25-6414,attr,SimpleNetwork.router.eth[1],packetDropInterfaceDown:sum(packetBytes),interpolationmode,none,,,,,,,,,,,
General-0-20250310-16:32:25-6414,attr,SimpleNetwork.router.eth[1],packetDropInterfaceDown:sum(packetBytes),recordingmode,sum(packetBytes),,,,,,,,,,,
General-0-20250310-16:32:25-6414,attr,SimpleNetwork.router.eth[1],packetDropInterfaceDown:sum(packetBytes),source,packetDropReasonIsInterfaceDown(packetDropped),,,,,,,,,,,
General-0-20250310-16:32:25-6414,attr,SimpleNetwork.router.eth[1],packetDropInterfaceDown:sum(packetBytes),title,"packet drops: interface down, sum(packetBytes)",,,,,,,,,,,
General-0-20250310-16:32:25-6414,scalar,SimpleNetwork.router.eth[1],packetDropNoCarrier:count,,,0,,,,,,,,,,
General-0-20250310-16:32:25-6414,attr,SimpleNetwork.router.eth[1],packetDropNoCarrier:count,interpolationmode,none,,,,,,,,,,,
General-0-20250310-16:32:25-6414,attr,SimpleNetwork.router.eth[1],packetDropNoCarrier:count,recordingmode,count,,,,,,,,,,,
General-0-20250310-16:32:25-6414,attr,SimpleNetwork.router.eth[1],packetDropNoCarrier:count,source,packetDropReasonIsNoCarrier(packetDropped),,,,,,,,,,,
General-0-20250310-16:32:25-6414,attr,SimpleNetwork.router.eth[1],packetDropNoCarrier:count,title,"packet drops: no carrier, count",,,,,,,,,,,
General-0-20250310-16:32:25-6414,scalar,SimpleNetwork.router.eth[1],packetDropNoCarrier:sum(packetBytes),,,0,,,,,,,,,,
General-0-20250310-16:32:25-6414,attr,SimpleNetwork.router.eth[1],packetDropNoCarrier:sum(packetBytes),interpolationmode,none,,,,,,,,,,,
General-0-20250310-16:32:25-6414,attr,SimpleNetwork.router.eth[1],packetDropNoCarrier:sum(packetBytes),recordingmode,sum(packetBytes),,,,,,,,,,,
General-0-20250310-16:32:25-6414,attr,SimpleNetwork.router.eth[1],packetDropNoCarrier:sum(packetBytes),source,packetDropReasonIsNoCarrier(packetDropped),,,,,,,,,,,
General-0-20250310-16:32:25-6414,attr,SimpleNetwork.router.eth[1],packetDropNoCarrier:sum(packetBytes),title,"packet drops: no carrier, sum(packetBytes)",,,,,,,,,,,
General-0-20250310-16:32:25-6414,scalar,SimpleNetwork.router.ipv4.ip,packetDropAddressResolutionFailed:count,,,0,,,,,,,,,,
General-0-20250310-16:32:25-6414,attr,SimpleNetwork.router.ipv4.ip,packetDropAddressResolutionFailed:count,interpolationmode,none,,,,,,,,,,,
General-0-20250310-16:32:25-6414,attr,SimpleNetwork.router.ipv4.ip,packetDropAddressResolutionFailed:count,recordingmode,count,,,,,,,,,,,
General-0-20250310-16:32:25-6414,attr,SimpleNetwork.router.ipv4.ip,packetDropAddressResolutionFailed:count,source,packetDropReasonIsAddressResolutionFailed(packetDropped),,,,,,,,,,,
General-0-20250310-16:32:25-6414,attr,SimpleNetwork.router.ipv4.ip,packetDropAddressResolutionFailed:count,title,"packet drop: address resolution failed, count",,,,,,,,,,,
General-0-20250310-16:32:25-6414,scalar,SimpleNetwork.router.ipv4.ip,packetDropAddressResolutionFailed:sum(packetBytes),,,0,,,,,,,,,,
General-0-20250310-16:32:25-6414,attr,SimpleNetwork.router.ipv4.ip,packetDropAddressResolutionFailed:sum(packetBytes),interpolationmode,none,,,,,,,,,,,
General-0-20250310-16:32:25-6414,attr,SimpleNetwork.router.ipv4.ip,packetDropAddressResolutionFailed:sum(packetBytes),recordingmode,sum(packetBytes),,,,,,,,,,,
General-0-20250310-16:32:25-6414,attr,SimpleNetwork.router.ipv4.ip,packetDropAddressResolutionFailed:sum(packetBytes),source,packetDropReasonIsAddressResolutionFailed(packetDropped),,,,,,,,,,,
General-0-20250310-16:32:25-6414,attr,SimpleNetwork.router.ipv4.ip,packetDropAddressResolutionFailed:sum(packetBytes),title,"packet drop: address resolution failed, sum(packetBytes)",,,,,,,,,,,
General-0-20250310-16:32:25-6414,scalar,SimpleNetwork.router.ipv4.ip,packetDropHopLimitReached:count,,,0,,,,,,,,,,
General-0-20250310-16:32:25-6414,attr,SimpleNetwork.router.ipv4.ip,packetDropHopLimitReached:count,interpolationmode,none,,,,,,,,,,,
General-0-20250310-16:32:25-6414,attr,SimpleNetwork.router.ipv4.ip,packetDropHopLimitReached:count,recordingmode,count,,,,,,,,,,,
General-0-20250310-16:32:25-6414,attr,SimpleNetwork.router.ipv4.ip,packetDropHopLimitReached:count,source,packetDropReasonIsHopLimitReached(packetDropped),,,,,,,,,,,
General-0-20250310-16:32:25-6414,attr,SimpleNetwork.router.ipv4.ip,packetDropHopLimitReached:count,title,"packet drop: hop limit reached, count",,,,,,,,,,,
General-0-20250310-16:32:25-6414,scalar,SimpleNetwork.router.ipv4.ip,packetDropHopLimitReached:sum(packetBytes),,,0,,,,,,,,,,
General-0-20250310-16:32:25-6414,attr,SimpleNetwork.router.ipv4.ip,packetDropHopLimitReached:sum(packetBytes),interpolationmode,none,,,,,,,,,,,
General-0-20250310-16:32:25-6414,attr,SimpleNetwork.router.ipv4.ip,packetDropHopLimitReached:sum(packetBytes),recordingmode,sum(packetBytes),,,,,,,,,,,
General-0-20250310-16:32:25-6414,attr,SimpleNetwork.router.ipv4.ip,packetDropHopLimitReached:sum(packetBytes),source,packetDropReasonIsHopLimitReached(packetDropped),,,,,,,,,,,
General-0-20250310-16:32:25-6414,attr,SimpleNetwork.router.ipv4.ip,packetDropHopLimitReached:sum(packetBytes),title,"packet drop: hop limit reached, sum(packetBytes)",,,,,,,,,,,
General-0-20250310-16:32:25-6414,scalar,SimpleNetwork.router.ipv4.ip,packetDropForwardingDisabled:count,,,0,,,,,,,,,,
General-0-20250310-16:32:25-6414,attr,SimpleNetwork.router.ipv4.ip,packetDropForwardingDisabled:count,interpolationmode,none,,,,,,,,,,,
General-0-20250310-16:32:25-6414,attr,SimpleNetwork.router.ipv4.ip,packetDropForwardingDisabled:count,recordingmode,count,,,,,,,,,,,
General-0-20250310-16:32:25-6414,attr,SimpleNetwork.router.ipv4.ip,packetDropForwardingDisabled:count,source,packetDropReasonIsForwardingDisabled(packetDropped),,,,,,,,,,,
General-0-20250310-16:32:25-6414,attr,SimpleNetwork.router.ipv4.ip,packetDropForwardingDisabled:count,title,"packet drop: forwarding disabled, count",,,,,,,,,,,
General-0-20250310-16:32:25-6414,scalar,SimpleNetwork.router.ipv4.ip,packetDropForwardingDisabled:sum(packetBytes),,,0,,,,,,,,,,
General-0-20250310-16:32:25-6414,attr,SimpleNetwork.router.ipv4.ip,packetDropForwardingDisabled:sum(packetBytes),interpolationmode,none,,,,,,,,,,,
General-0-20250310-16:32:25-6414,attr,SimpleNetwork.router.ipv4.ip,packetDropForwardingDisabled:sum(packetBytes),recordingmode,sum(packetBytes),,,,,,,,,,,
General-0-20250310-16:32:25-6414,attr,SimpleNetwork.router.ipv4.ip,packetDropForwardingDisabled:sum(packetBytes),source,packetDropReasonIsForwardingDisabled(packetDropped),,,,,,,,,,,
General-0-20250310-16:32:25-6414,attr,SimpleNetwork.router.ipv4.ip,packetDropForwardingDisabled:sum(packetBytes),title,"packet drop: forwarding disabled, sum(packetBytes)",,,,,,,,,,,
General-0-20250310-16:32:25-6414,scalar,SimpleNetwork.router.ipv4.ip,packetDropNoInterfaceFound:count,,,0,,,,,,,,,,
General-0-20250310-16:32:25-6414,attr,SimpleNetwork.router.ipv4.ip,packetDropNoInterfaceFound:count,interpolationmode,none,,,,,,,,,,,
General-0-20250310-16:32:25-6414,attr,SimpleNetwork.router.ipv4.ip,packetDropNoInterfaceFound:count,recordingmode,count,,,,,,,,,,,
General-0-20250310-16:32:25-6414,attr,SimpleNetwork.router.ipv4.ip,packetDropNoInterfaceFound:count,source,packetDropReasonIsNoInterfaceFound(packetDropped),,,,,,,,,,,
General-0-20250310-16:32:25-6414,attr,SimpleNetwork.router.ipv4.ip,packetDropNoInterfaceFound:count,title,"packet drop: no interface found, count",,,,,,,,,,,
General-0-20250310-16:32:25-6414,scalar,SimpleNetwork.router.ipv4.ip,packetDropNoInterfaceFound:sum(packetBytes),,,0,,,,,,,,,,
General-0-20250310-16:32:25-6414,attr,SimpleNetwork.router.ipv4.ip,packetDropNoInterfaceFound:sum(packetBytes),interpolationmode,none,,,,,,,,,,,
General-0-20250310-16:32:25-6414,attr,SimpleNetwork.router.ipv4.ip,packetDropNoInterfaceFound:sum(packetBytes),recordingmode,sum(packetBytes),,,,,,,,,,,
General-0-20250310-16:32:25-6414,attr,SimpleNetwork.router.ipv4.ip,packetDropNoInterfaceFound:sum(packetBytes),source,packetDropReasonIsNoInterfaceFound(packetDropped),,,,,,,,,,,
General-0-20250310-16:32:25-6414,attr,SimpleNetwork.router.ipv4.ip,packetDropNoInterfaceFound:sum(packetBytes),title,"packet drop: no interface found, sum(packetBytes)",,,,,,,,,,,
General-0-20250310-16:32:25-6414,scalar,SimpleNetwork.router.ipv4.ip,packetDropNoRouteFound:count,,,0,,,,,,,,,,
General-0-20250310-16:32:25-6414,attr,SimpleNetwork.router.ipv4.ip,packetDropNoRouteFound:count,interpolationmode,none,,,,,,,,,,,
General-0-20250310-16:32:25-6414,attr,SimpleNetwork.router.ipv4.ip,packetDropNoRouteFound:count,recordingmode,count,,,,,,,,,,,
General-0-20250310-16:32:25-6414,attr,SimpleNetwork.router.ipv4.ip,packetDropNoRouteFound:count,source,packetDropReasonIsNoRouteFound(packetDropped),,,,,,,,,,,
General-0-20250310-16:32:25-6414,attr,SimpleNetwork.router.ipv4.ip,packetDropNoRouteFound:count,title,"packet drop: no route found, count",,,,,,,,,,,
General-0-20250310-16:32:25-6414,scalar,SimpleNetwork.router.ipv4.ip,packetDropNoRouteFound:sum(packetBytes),,,0,,,,,,,,,,
General-0-20250310-16:32:25-6414,attr,SimpleNetwork.router.ipv4.ip,packetDropNoRouteFound:sum(packetBytes),interpolationmode,none,,,,,,,,,,,
General-0-20250310-16:32:25-6414,attr,SimpleNetwork.router.ipv4.ip,packetDropNoRouteFound:sum(packetBytes),recordingmode,sum(packetBytes),,,,,,,,,,,
General-0-20250310-16:32:25-6414,attr,SimpleNetwork.router.ipv4.ip,packetDropNoRouteFound:sum(packetBytes),source,packetDropReasonIsNoRouteFound(packetDropped),,,,,,,,,,,
General-0-20250310-16:32:25-6414,attr,SimpleNetwork.router.ipv4.ip,packetDropNoRouteFound:sum(packetBytes),title,"packet drop: no route found, sum(packetBytes)",,,,,,,,,,,
General-0-20250310-16:32:25-6414,scalar,SimpleNetwork.router.ipv4.ip,packetDropUndefined:count,,,0,,,,,,,,,,
General-0-20250310-16:32:25-6414,attr,SimpleNetwork.router.ipv4.ip,packetDropUndefined:count,interpolationmode,none,,,,,,,,,,,
General-0-20250310-16:32:25-6414,attr,SimpleNetwork.router.ipv4.ip,packetDropUndefined:count,recordingmode,count,,,,,,,,,,,
General-0-20250310-16:32:25-6414,attr,SimpleNetwork.router.ipv4.ip,packetDropUndefined:count,source,packetDropReasonIsUndefined(packetDropped),,,,,,,,,,,
General-0-20250310-16:32:25-6414,attr,SimpleNetwork.router.ipv4.ip,packetDropUndefined:count,title,"packet drop: undefined, count",,,,,,,,,,,
General-0-20250310-16:32:25-6414,scalar,SimpleNetwork.router.ipv4.ip,packetDropUndefined:sum(packetBytes),,,0,,,,,,,,,,
General-0-20250310-16:32:25-6414,attr,SimpleNetwork.router.ipv4.ip,packetDropUndefined:sum(packetBytes),interpolationmode,none,,,,,,,,,,,
General-0-20250310-16:32:25-6414,attr,SimpleNetwork.router.ipv4.ip,packetDropUndefined:sum(packetBytes),recordingmode,sum(packetBytes),,,,,,,,,,,
General-0-20250310-16:32:25-6414,attr,SimpleNetwork.router.ipv4.ip,packetDropUndefined:sum(packetBytes),source,packetDropReasonIsUndefined(packetDropped),,,,,,,,,,,
General-0-20250310-16:32:25-6414,attr,SimpleNetwork.router.ipv4.ip,packetDropUndefined:sum(packetBytes),title,"packet drop: undefined, sum(packetBytes)",,,,,,,,,,,
General-0-20250310-16:32:25-6414,scalar,SimpleNetwork.router.ipv4.arp,arpResolutionFailed:count,,,0,,,,,,,,,,
General-0-20250310-16:32:25-6414,attr,SimpleNetwork.router.ipv4.arp,arpResolutionFailed:count,recordingmode,count,,,,,,,,,,,
General-0-20250310-16:32:25-6414,attr,SimpleNetwork.router.ipv4.arp,arpResolutionFailed:count,title,"ARP failed resolutions, count",,,,,,,,,,,
General-0-20250310-16:32:25-6414,scalar,SimpleNetwork.router.ipv4.arp,arpResolutionCompleted:count,,,2,,,,,,,,,,
General-0-20250310-16:32:25-6414,attr,SimpleNetwork.router.ipv4.arp,arpResolutionCompleted:count,recordingmode,count,,,,,,,,,,,
General-0-20250310-16:32:25-6414,attr,SimpleNetwork.router.ipv4.arp,arpResolutionCompleted:count,title,"ARP completed resolutions, count",,,,,,,,,,,
General-0-20250310-16:32:25-6414,scalar,SimpleNetwork.router.ipv4.arp,arpResolutionInitiated:count,,,1,,,,,,,,,,
General-0-20250310-16:32:25-6414,attr,SimpleNetwork.router.ipv4.arp,arpResolutionInitiated:count,recordingmode,count,,,,,,,,,,,
General-0-20250310-16:32:25-6414,attr,SimpleNetwork.router.ipv4.arp,arpResolutionInitiated:count,title,"ARP initiated resolutions, count",,,,,,,,,,,
General-0-20250310-16:32:25-6414,scalar,SimpleNetwork.router.ipv4.arp,arpReplySent:count,,,1,,,,,,,,,,
General-0-20250310-16:32:25-6414,attr,SimpleNetwork.router.ipv4.arp,arpReplySent:count,recordingmode,count,,,,,,,,,,,
General-0-20250310-16:32:25-6414,attr,SimpleNetwork.router.ipv4.arp,arpReplySent:count,source,arpReplySent,,,,,,,,,,,
General-0-20250310-16:32:25-6414,attr,SimpleNetwork.router.ipv4.arp,arpReplySent:count,title,"ARP replies sent, count",,,,,,,,,,,
General-0-20250310-16:32:25-6414,scalar,SimpleNetwork.router.ipv4.arp,arpReplySent:sum(packetBytes),,,28,,,,,,,,,,
General-0-20250310-16:32:25-6414,attr,SimpleNetwork.router.ipv4.arp,arpReplySent:sum(packetBytes),recordingmode,sum(packetBytes),,,,,,,,,,,
General-0-20250310-16:32:25-6414,attr,SimpleNetwork.router.ipv4.arp,arpReplySent:sum(packetBytes),source,arpReplySent,,,,,,,,,,,
General-0-20250310-16:32:25-6414,attr,SimpleNetwork.router.ipv4.arp,arpReplySent:sum(packetBytes),title,"ARP replies sent, sum(packetBytes)",,,,,,,,,,,
General-0-20250310-16:32:25-6414,scalar,SimpleNetwork.router.ipv4.arp,arpRequestSent:count,,,1,,,,,,,,,,
General-0-20250310-16:32:25-6414,attr,SimpleNetwork.router.ipv4.arp,arpRequestSent:count,recordingmode,count,,,,,,,,,,,
General-0-20250310-16:32:25-6414,attr,SimpleNetwork.router.ipv4.arp,arpRequestSent:count,source,arpRequestSent,,,,,,,,,,,
General-0-20250310-16:32:25-6414,attr,SimpleNetwork.router.ipv4.arp,arpRequestSent:count,title,"ARP request sent, count",,,,,,,,,,,
General-0-20250310-16:32:25-6414,scalar,SimpleNetwork.router.ipv4.arp,arpRequestSent:sum(packetBytes),,,28,,,,,,,,,,
General-0-20250310-16:32:25-6414,attr,SimpleNetwork.router.ipv4.arp,arpRequestSent:sum(packetBytes),recordingmode,sum(packetBytes),,,,,,,,,,,
General-0-20250310-16:32:25-6414,attr,SimpleNetwork.router.ipv4.arp,arpRequestSent:sum(packetBytes),source,arpRequestSent,,,,,,,,,,,
General-0-20250310-16:32:25-6414,attr,SimpleNetwork.router.ipv4.arp,arpRequestSent:sum(packetBytes),title,"ARP request sent, sum(packetBytes)",,,,,,,,,,,
General-0-20250310-16:32:25-6414,scalar,SimpleNetwork.server.ethernet,pauseSent:count,,,0,,,,,,,,,,
General-0-20250310-16:32:25-6414,attr,SimpleNetwork.server.ethernet,pauseSent:count,recordingmode,count,,,,,,,,,,,
General-0-20250310-16:32:25-6414,attr,SimpleNetwork.server.ethernet,pauseSent:count,title,"pause sent, count",,,,,,,,,,,
General-0-20250310-16:32:25-6414,scalar,SimpleNetwork.server.ethernet,pauseSent:sum,,,0,,,,,,,,,,
General-0-20250310-16:32:25-6414,attr,SimpleNetwork.server.ethernet,pauseSent:sum,recordingmode,sum,,,,,,,,,,,
General-0-20250310-16:32:25-6414,attr,SimpleNetwork.server.ethernet,pauseSent:sum,title,"pause sent, sum",,,,,,,,,,,
General-0-20250310-16:32:25-6414,scalar,SimpleNetwork.server.ethernet,decapPk:count,,,2,,,,,,,,,,
General-0-20250310-16:32:25-6414,attr,SimpleNetwork.server.ethernet,decapPk:count,interpolationmode,none,,,,,,,,,,,
General-0-20250310-16:32:25-6414,attr,SimpleNetwork.server.ethernet,decapPk:count,recordingmode,count,,,,,,,,,,,
General-0-20250310-16:32:25-6414,attr,SimpleNetwork.server.ethernet,decapPk:count,source,decapPk,,,,,,,,,,,
General-0-20250310-16:32:25-6414,attr,SimpleNetwork.server.ethernet,decapPk:count,title,"packets decapsulated, count",,,,,,,,,,,
General-0-20250310-16:32:25-6414,scalar,SimpleNetwork.server.ethernet,decapPk:sum(packetBytes),,,1098,,,,,,,,,,
General-0-20250310-16:32:25-6414,attr,SimpleNetwork.server.ethernet,decapPk:sum(packetBytes),interpolationmode,none,,,,,,,,,,,
General-0-20250310-16:32:25-6414,attr,SimpleNetwork.server.ethernet,decapPk:sum(packetBytes),recordingmode,sum(packetBytes),,,,,,,,,,,
General-0-20250310-16:32:25-6414,attr,SimpleNetwork.server.ethernet,decapPk:sum(packetBytes),source,decapPk,,,,,,,,,,,
General-0-20250310-16:32:25-6414,attr,SimpleNetwork.server.ethernet,decapPk:sum(packetBytes),title,"packets decapsulated, sum(packetBytes)",,,,,,,,,,,
General-0-20250310-16:32:25-6414,scalar,SimpleNetwork.server.ethernet,encapPk:count,,,1,,,,,,,,,,
General-0-20250310-16:32:25-6414,attr,SimpleNetwork.server.ethernet,encapPk:count,interpolationmode,none,,,,,,,,,,,
General-0-20250310-16:32:25-6414,attr,SimpleNetwork.server.ethernet,encapPk:count,recordingmode,count,,,,,,,,,,,
General-0-20250310-16:32:25-6414,attr,SimpleNetwork.server.ethernet,encapPk:count,source,encapPk,,,,,,,,,,,
General-0-20250310-16:32:25-6414,attr,SimpleNetwork.server.ethernet,encapPk:count,title,"packets encapsulated, count",,,,,,,,,,,
General-0-20250310-16:32:25-6414,scalar,SimpleNetwork.server.ethernet,encapPk:sum(packetBytes),,,28,,,,,,,,,,
General-0-20250310-16:32:25-6414,attr,SimpleNetwork.server.ethernet,encapPk:sum(packetBytes),interpolationmode,none,,,,,,,,,,,
General-0-20250310-16:32:25-6414,attr,SimpleNetwork.server.ethernet,encapPk:sum(packetBytes),recordingmode,sum(packetBytes),,,,,,,,,,,
General-0-20250310-16:32:25-6414,attr,SimpleNetwork.server.ethernet,encapPk:sum(packetBytes),source,encapPk,,,,,,,,,,,
General-0-20250310-16:32:25-6414,attr,SimpleNetwork.server.ethernet,encapPk:sum(packetBytes),title,"packets encapsulated, sum(packetBytes)",,,,,,,,,,,
General-0-20250310-16:32:25-6414,scalar,SimpleNetwork.server.lo[0].lo,rcvdPkFromHl:count,,,0,,,,,,,,,,
General-0-20250310-16:32:25-6414,attr,SimpleNetwork.server.lo[0].lo,rcvdPkFromHl:count,interpolationmode,none,,,,,,,,,,,
General-0-20250310-16:32:25-6414,attr,SimpleNetwork.server.lo[0].lo,rcvdPkFromHl:count,recordingmode,count,,,,,,,,,,,
General-0-20250310-16:32:25-6414,attr,SimpleNetwork.server.lo[0].lo,rcvdPkFromHl:count,source,packetReceivedFromUpper,,,,,,,,,,,
General-0-20250310-16:32:25-6414,attr,SimpleNetwork.server.lo[0].lo,rcvdPkFromHl:count,title,"packets received from higher layer, count",,,,,,,,,,,
General-0-20250310-16:32:25-6414,scalar,SimpleNetwork.server.lo[0].lo,rcvdPkFromHl:sum(packetBytes),,,0,,,,,,,,,,
General-0-20250310-16:32:25-6414,attr,SimpleNetwork.server.lo[0].lo,rcvdPkFromHl:sum(packetBytes),interpolationmode,none,,,,,,,,,,,
General-0-20250310-16:32:25-6414,attr,SimpleNetwork.server.lo[0].lo,rcvdPkFromHl:sum(packetBytes),recordingmode,sum(packetBytes),,,,,,,,,,,
General-0-20250310-16:32:25-6414,attr,SimpleNetwork.server.lo[0].lo,rcvdPkFromHl:sum(packetBytes),source,packetReceivedFromUpper,,,,,,,,,,,
General-0-20250310-16:32:25-6414,attr,SimpleNetwork.server.lo[0].lo,rcvdPkFromHl:sum(packetBytes),title,"packets received from higher layer, sum(packetBytes)",,,,,,,,,,,
General-0-20250310-16:32:25-6414,scalar,SimpleNetwork.server.lo[0].lo,passedUpPk:count,,,0,,,,,,,,,,
General-0-20250310-16:32:25-6414,attr,SimpleNetwork.server.lo[0].lo,passedUpPk:count,interpolationmode,none,,,,,,,,,,,
General-0-20250310-16:32:25-6414,attr,SimpleNetwork.server.lo[0].lo,passedUpPk:count,recordingmode,count,,,,,,,,,,,
General-0-20250310-16:32:25-6414,attr,SimpleNetwork.server.lo[0].lo,passedUpPk:count,source,packetSentToUpper,,,,,,,,,,,
General-0-20250310-16:32:25-6414,attr,SimpleNetwork.server.lo[0].lo,passedUpPk:count,title,"packets passed to higher layer, count",,,,,,,,,,,
General-0-20250310-16:32:25-6414,scalar,SimpleNetwork.server.lo[0].lo,passedUpPk:sum(packetBytes),,,0,,,,,,,,,,
General-0-20250310-16:32:25-6414,attr,SimpleNetwork.server.lo[0].lo,passedUpPk:sum(packetBytes),interpolationmode,none,,,,,,,,,,,
General-0-20250310-16:32:25-6414,attr,SimpleNetwork.server.lo[0].lo,passedUpPk:sum(packetBytes),recordingmode,sum(packetBytes),,,,,,,,,,,
General-0-20250310-16:32:25-6414,attr,SimpleNetwork.server.lo[0].lo,passedUpPk:sum(packetBytes),source,packetSentToUpper,,,,,,,,,,,
General-0-20250310-16:32:25-6414,attr,SimpleNetwork.server.lo[0].lo,passedUpPk:sum(packetBytes),title,"packets passed to higher layer, sum(packetBytes)",,,,,,,,,,,
General-0-20250310-16:32:25-6414,scalar,SimpleNetwork.server.lo[0],packetDropInterfaceDown:count,,,0,,,,,,,,,,
General-0-20250310-16:32:25-6414,attr,SimpleNetwork.server.lo[0],packetDropInterfaceDown:count,interpolationmode,none,,,,,,,,,,,
General-0-20250310-16:32:25-6414,attr,SimpleNetwork.server.lo[0],packetDropInterfaceDown:count,recordingmode,count,,,,,,,,,,,
General-0-20250310-16:32:25-6414,attr,SimpleNetwork.server.lo[0],packetDropInterfaceDown:count,source,packetDropReasonIsInterfaceDown(packetDropped),,,,,,,,,,,
General-0-20250310-16:32:25-6414,attr,SimpleNetwork.server.lo[0],packetDropInterfaceDown:count,title,"packet drops: interface down, count",,,,,,,,,,,
General-0-20250310-16:32:25-6414,scalar,SimpleNetwork.server.lo[0],packetDropInterfaceDown:sum(packetBytes),,,0,,,,,,,,,,
General-0-20250310-16:32:25-6414,attr,SimpleNetwork.server.lo[0],packetDropInterfaceDown:sum(packetBytes),interpolationmode,none,,,,,,,,,,,
General-0-20250310-16:32:25-6414,attr,SimpleNetwork.server.lo[0],packetDropInterfaceDown:sum(packetBytes),recordingmode,sum(packetBytes),,,,,,,,,,,
General-0-20250310-16:32:25-6414,attr,SimpleNetwork.server.lo[0],packetDropInterfaceDown:sum(packetBytes),source,packetDropReasonIsInterfaceDown(packetDropped),,,,,,,,,,,
General-0-20250310-16:32:25-6414,attr,SimpleNetwork.server.lo[0],packetDropInterfaceDown:sum(packetBytes),title,"packet drops: interface down, sum(packetBytes)",,,,,,,,,,,
General-0-20250310-16:32:25-6414,scalar,SimpleNetwork.server.lo[0],packetDropNoCarrier:count,,,0,,,,,,,,,,
General-0-20250310-16:32:25-6414,attr,SimpleNetwork.server.lo[0],packetDropNoCarrier:count,interpolationmode,none,,,,,,,,,,,
General-0-20250310-16:32:25-6414,attr,SimpleNetwork.server.lo[0],packetDropNoCarrier:count,recordingmode,count,,,,,,,,,,,
General-0-20250310-16:32:25-6414,attr,SimpleNetwork.server.lo[0],packetDropNoCarrier:count,source,packetDropReasonIsNoCarrier(packetDropped),,,,,,,,,,,
General-0-20250310-16:32:25-6414,attr,SimpleNetwork.server.lo[0],packetDropNoCarrier:count,title,"packet drops: no carrier, count",,,,,,,,,,,
General-0-20250310-16:32:25-6414,scalar,SimpleNetwork.server.lo[0],packetDropNoCarrier:sum(packetBytes),,,0,,,,,,,,,,
General-0-20250310-16:32:25-6414,attr,SimpleNetwork.server.lo[0],packetDropNoCarrier:sum(packetBytes),interpolationmode,none,,,,,,,,,,,
General-0-20250310-16:32:25-6414,attr,SimpleNetwork.server.lo[0],packetDropNoCarrier:sum(packetBytes),recordingmode,sum(packetBytes),,,,,,,,,,,
General-0-20250310-16:32:25-6414,attr,SimpleNetwork.server.lo[0],packetDropNoCarrier:sum(packetBytes),source,packetDropReasonIsNoCarrier(packetDropped),,,,,,,,,,,
General-0-20250310-16:32:25-6414,attr,SimpleNetwork.server.lo[0],packetDropNoCarrier:sum(packetBytes),title,"packet drops: no carrier, sum(packetBytes)",,,,,,,,,,,
General-0-20250310-16:32:25-6414,scalar,SimpleNetwork.server.eth[0].queue,queueLength:last,,,0,,,,,,,,,,
General-0-20250310-16:32:25-6414,attr,SimpleNetwork.server.eth[0].queue,queueLength:last,autoWarmupFilter,false,,,,,,,,,,,
General-0-20250310-16:32:25-6414,attr,SimpleNetwork.server.eth[0].queue,queueLength:last,interpolationmode,sample-hold,,,,,,,,,,,
General-0-20250310-16:32:25-6414,attr,SimpleNetwork.server.eth[0].queue,queueLength:last,recordingmode,last,,,,,,,,,,,
General-0-20250310-16:32:25-6414,attr,SimpleNetwork.server.eth[0].queue,queueLength:last,source,warmup(atomic(constant0(packetPushEnded) + count(packetPushStarted) - count(packetPulled) - count(packetRemoved) - count(packetDropped))),,,,,,,,,,,
General-0-20250310-16:32:25-6414,attr,SimpleNetwork.server.eth[0].queue,queueLength:last,title,"queue length, last",,,,,,,,,,,
General-0-20250310-16:32:25-6414,attr,SimpleNetwork.server.eth[0].queue,queueLength:last,unit,pk,,,,,,,,,,,
General-0-20250310-16:32:25-6414,scalar,SimpleNetwork.server.eth[0].queue,queueLength:max,,,0,,,,,,,,,,
General-0-20250310-16:32:25-6414,attr,SimpleNetwork.server.eth[0].queue,queueLength:max,autoWarmupFilter,false,,,,,,,,,,,
General-0-20250310-16:32:25-6414,attr,SimpleNetwork.server.eth[0].queue,queueLength:max,interpolationmode,sample-hold,,,,,,,,,,,
General-0-20250310-16:32:25-6414,attr,SimpleNetwork.server.eth[0].queue,queueLength:max,recordingmode,max,,,,,,,,,,,
General-0-20250310-16:32:25-6414,attr,SimpleNetwork.server.eth[0].queue,queueLength:max,source,warmup(atomic(constant0(packetPushEnded) + count(packetPushStarted) - count(packetPulled) - count(packetRemoved) - count(packetDropped))),,,,,,,,,,,
General-0-20250310-16:32:25-6414,attr,SimpleNetwork.server.eth[0].queue,queueLength:max,title,"queue length, max",,,,,,,,,,,
General-0-20250310-16:32:25-6414,attr,SimpleNetwork.server.eth[0].queue,queueLength:max,unit,pk,,,,,,,,,,,
General-0-20250310-16:32:25-6414,scalar,SimpleNetwork.server.eth[0].queue,queueLength:timeavg,,,0,,,,,,,,,,
General-0-20250310-16:32:25-6414,attr,SimpleNetwork.server.eth[0].queue,queueLength:timeavg,autoWarmupFilter,false,,,,,,,,,,,
General-0-20250310-16:32:25-6414,attr,SimpleNetwork.server.eth[0].queue,queueLength:timeavg,interpolationmode,sample-hold,,,,,,,,,,,
General-0-20250310-16:32:25-6414,attr,SimpleNetwork.server.eth[0].queue,queueLength:timeavg,recordingmode,timeavg,,,,,,,,,,,
General-0-20250310-16:32:25-6414,attr,SimpleNetwork.server.eth[0].queue,queueLength:timeavg,source,warmup(atomic(constant0(packetPushEnded) + count(packetPushStarted) - count(packetPulled) - count(packetRemoved) - count(packetDropped))),,,,,,,,,,,
General-0-20250310-16:32:25-6414,attr,SimpleNetwork.server.eth[0].queue,queueLength:timeavg,title,"queue length, timeavg",,,,,,,,,,,
General-0-20250310-16:32:25-6414,attr,SimpleNetwork.server.eth[0].queue,queueLength:timeavg,unit,pk,,,,,,,,,,,
General-0-20250310-16:32:25-6414,scalar,SimpleNetwork.server.eth[0].queue,queueBitLength:last,,,0,,,,,,,,,,
General-0-20250310-16:32:25-6414,attr,SimpleNetwork.server.eth[0].queue,queueBitLength:last,autoWarmupFilter,false,,,,,,,,,,,
General-0-20250310-16:32:25-6414,attr,SimpleNetwork.server.eth[0].queue,queueBitLength:last,interpolationmode,sample-hold,,,,,,,,,,,
General-0-20250310-16:32:25-6414,attr,SimpleNetwork.server.eth[0].queue,queueBitLength:last,recordingmode,last,,,,,,,,,,,
General-0-20250310-16:32:25-6414,attr,SimpleNetwork.server.eth[0].queue,queueBitLength:last,source,warmup(atomic(constant0(packetPushEnded) + sum(packetLength(packetPushStarted)) - sum(packetLength(packetPulled)) - sum(packetLength(packetRemoved)) - sum(packetLength(packetDropped)))),,,,,,,,,,,
General-0-20250310-16:32:25-6414,attr,SimpleNetwork.server.eth[0].queue,queueBitLength:last,title,"queue bit length, last",,,,,,,,,,,
General-0-20250310-16:32:25-6414,attr,SimpleNetwork.server.eth[0].queue,queueBitLength:last,unit,b,,,,,,,,,,,
General-0-20250310-16:32:25-6414,scalar,SimpleNetwork.server.eth[0].queue,queueBitLength:max,,,0,,,,,,,,,,
General-0-20250310-16:32:25-6414,attr,SimpleNetwork.server.eth[0].queue,queueBitLength:max,autoWarmupFilter,false,,,,,,,,,,,
General-0-20250310-16:32:25-6414,attr,SimpleNetwork.server.eth[0].queue,queueBitLength:max,interpolationmode,sample-hold,,,,,,,,,,,
General-0-20250310-16:32:25-6414,attr,SimpleNetwork.server.eth[0].queue,queueBitLength:max,recordingmode,max,,,,,,,,,,,
General-0-20250310-16:32:25-6414,attr,SimpleNetwork.server.eth[0].queue,queueBitLength:max,source,warmup(atomic(constant0(packetPushEnded) + sum(packetLength(packetPushStarted)) - sum(packetLength(packetPulled)) - sum(packetLength(packetRemoved)) - sum(packetLength(packetDropped)))),,,,,,,,,,,
General-0-20250310-16:32:25-6414,attr,SimpleNetwork.server.eth[0].queue,queueBitLength:max,title,"queue bit length, max",,,,,,,,,,,
General-0-20250310-16:32:25-6414,attr,SimpleNetwork.server.eth[0].queue,queueBitLength:max,unit,b,,,,,,,,,,,
General-0-20250310-16:32:25-6414,scalar,SimpleNetwork.server.eth[0].queue,queueBitLength:timeavg,,,0,,,,,,,,,,
General-0-20250310-16:32:25-6414,attr,SimpleNetwork.server.eth[0].queue,queueBitLength:timeavg,autoWarmupFilter,false,,,,,,,,,,,
General-0-20250310-16:32:25-6414,attr,SimpleNetwork.server.eth[0].queue,queueBitLength:timeavg,interpolationmode,sample-hold,,,,,,,,,,,
General-0-20250310-16:32:25-6414,attr,SimpleNetwork.server.eth[0].queue,queueBitLength:timeavg,recordingmode,timeavg,,,,,,,,,,,
General-0-20250310-16:32:25-6414,attr,SimpleNetwork.server.eth[0].queue,queueBitLength:timeavg,source,warmup(atomic(constant0(packetPushEnded) + sum(packetLength(packetPushStarted)) - sum(packetLength(packetPulled)) - sum(packetLength(packetRemoved)) - sum(packetLength(packetDropped)))),,,,,,,,,,,
General-0-20250310-16:32:25-6414,attr,SimpleNetwork.server.eth[0].queue,queueBitLength:timeavg,title,"queue bit length, timeavg",,,,,,,,,,,
General-0-20250310-16:32:25-6414,attr,SimpleNetwork.server.eth[0].queue,queueBitLength:timeavg,unit,b,,,,,,,,,,,
General-0-20250310-16:32:25-6414,scalar,SimpleNetwork.server.eth[0].queue,outgoingPackets:count,,,1,,,,,,,,,,
General-0-20250310-16:32:25-6414,attr,SimpleNetwork.server.eth[0].queue,outgoingPackets:count,recordingmode,count,,,,,,,,,,,
General-0-20250310-16:32:25-6414,attr,SimpleNetwork.server.eth[0].queue,outgoingPackets:count,source,packetPulled,,,,,,,,,,,
General-0-20250310-16:32:25-6414,attr,SimpleNetwork.server.eth[0].queue,outgoingPackets:count,title,"outgoing packets, count",,,,,,,,,,,
General-0-20250310-16:32:25-6414,attr,SimpleNetwork.server.eth[0].queue,outgoingPackets:count,unit,pk,,,,,,,,,,,
General-0-20250310-16:32:25-6414,scalar,SimpleNetwork.server.eth[0].queue,outgoingPacketLengths:sum,,,368,,,,,,,,,,
General-0-20250310-16:32:25-6414,attr,SimpleNetwork.server.eth[0].queue,outgoingPacketLengths:sum,interpolationmode,none,,,,,,,,,,,
General-0-20250310-16:32:25-6414,attr,SimpleNetwork.server.eth[0].queue,outgoingPacketLengths:sum,recordingmode,sum,,,,,,,,,,,
General-0-20250310-16:32:25-6414,attr,SimpleNetwork.server.eth[0].queue,outgoingPacketLengths:sum,source,packetLength(packetPulled),,,,,,,,,,,
General-0-20250310-16:32:25-6414,attr,SimpleNetwork.server.eth[0].queue,outgoingPacketLengths:sum,title,"outgoing packet lengths, sum",,,,,,,,,,,
General-0-20250310-16:32:25-6414,attr,SimpleNetwork.server.eth[0].queue,outgoingPacketLengths:sum,unit,b,,,,,,,,,,,
General-0-20250310-16:32:25-6414,scalar,SimpleNetwork.server.eth[0].queue,incomingPackets:count,,,1,,,,,,,,,,
General-0-20250310-16:32:25-6414,attr,SimpleNetwork.server.eth[0].queue,incomingPackets:count,recordingmode,count,,,,,,,,,,,
General-0-20250310-16:32:25-6414,attr,SimpleNetwork.server.eth[0].queue,incomingPackets:count,source,packetPushStarted,,,,,,,,,,,
General-0-20250310-16:32:25-6414,attr,SimpleNetwork.server.eth[0].queue,incomingPackets:count,title,"incoming packets, count",,,,,,,,,,,
General-0-20250310-16:32:25-6414,attr,SimpleNetwork.server.eth[0].queue,incomingPackets:count,unit,pk,,,,,,,,,,,
General-0-20250310-16:32:25-6414,scalar,SimpleNetwork.server.eth[0].queue,incomingPacketLengths:sum,,,368,,,,,,,,,,
General-0-20250310-16:32:25-6414,attr,SimpleNetwork.server.eth[0].queue,incomingPacketLengths:sum,interpolationmode,none,,,,,,,,,,,
General-0-20250310-16:32:25-6414,attr,SimpleNetwork.server.eth[0].queue,incomingPacketLengths:sum,recordingmode,sum,,,,,,,,,,,
General-0-20250310-16:32:25-6414,attr,SimpleNetwork.server.eth[0].queue,incomingPacketLengths:sum,source,packetLength(packetPushStarted),,,,,,,,,,,
General-0-20250310-16:32:25-6414,attr,SimpleNetwork.server.eth[0].queue,incomingPacketLengths:sum,title,"incoming packet lengths, sum",,,,,,,,,,,
General-0-20250310-16:32:25-6414,attr,SimpleNetwork.server.eth[0].queue,incomingPacketLengths:sum,unit,b,,,,,,,,,,,
General-0-20250310-16:32:25-6414,scalar,SimpleNetwork.server.eth[0].queue,droppedPacketsQueueOverflow:count,,,0,,,,,,,,,,
General-0-20250310-16:32:25-6414,attr,SimpleNetwork.server.eth[0].queue,droppedPacketsQueueOverflow:count,interpolationmode,none,,,,,,,,,,,
General-0-20250310-16:32:25-6414,attr,SimpleNetwork.server.eth[0].queue,droppedPacketsQueueOverflow:count,recordingmode,count,,,,,,,,,,,
General-0-20250310-16:32:25-6414,attr,SimpleNetwork.server.eth[0].queue,droppedPacketsQueueOverflow:count,source,packetDropReasonIsQueueOverflow(packetDropped),,,,,,,,,,,
General-0-20250310-16:32:25-6414,attr,SimpleNetwork.server.eth[0].queue,droppedPacketsQueueOverflow:count,title,"dropped packets: queue overflow, count",,,,,,,,,,,
General-0-20250310-16:32:25-6414,attr,SimpleNetwork.server.eth[0].queue,droppedPacketsQueueOverflow:count,unit,pk,,,,,,,,,,,
General-0-20250310-16:32:25-6414,scalar,SimpleNetwork.server.eth[0].queue,droppedPacketLengthsQueueOverflow:sum,,,0,,,,,,,,,,
General-0-20250310-16:32:25-6414,attr,SimpleNetwork.server.eth[0].queue,droppedPacketLengthsQueueOverflow:sum,interpolationmode,none,,,,,,,,,,,
General-0-20250310-16:32:25-6414,attr,SimpleNetwork.server.eth[0].queue,droppedPacketLengthsQueueOverflow:sum,recordingmode,sum,,,,,,,,,,,
General-0-20250310-16:32:25-6414,attr,SimpleNetwork.server.eth[0].queue,droppedPacketLengthsQueueOverflow:sum,source,packetLength(packetDropReasonIsQueueOverflow(packetDropped)),,,,,,,,,,,
General-0-20250310-16:32:25-6414,attr,SimpleNetwork.server.eth[0].queue,droppedPacketLengthsQueueOverflow:sum,title,"dropped packet lengths: queue overflow, sum",,,,,,,,,,,
General-0-20250310-16:32:25-6414,attr,SimpleNetwork.server.eth[0].queue,droppedPacketLengthsQueueOverflow:sum,unit,b,,,,,,,,,,,
General-0-20250310-16:32:25-6414,scalar,SimpleNetwork.server.eth[0].mac,simulated time,,,7.000862426789,,,,,,,,,,
General-0-20250310-16:32:25-6414,scalar,SimpleNetwork.server.eth[0].mac,full-duplex,,,1,,,,,,,,,,
General-0-20250310-16:32:25-6414,scalar,SimpleNetwork.server.eth[0].mac,frames/sec sent,,,0.14283954447862,,,,,,,,,,
General-0-20250310-16:32:25-6414,scalar,SimpleNetwork.server.eth[0].mac,frames/sec rcvd,,,0.28567908895723,,,,,,,,,,
General-0-20250310-16:32:25-6414,scalar,SimpleNetwork.server.eth[0].mac,bits/sec sent,,,73.133846773051,,,,,,,,,,
General-0-20250310-16:32:25-6414,scalar,SimpleNetwork.server.eth[0].mac,bits/sec rcvd,,,1295.84034751,,,,,,,,,,
General-0-20250310-16:32:25-6414,scalar,SimpleNetwork.server.eth[0].mac,rx channel idle (%),,,99.986858761908,,,,,,,,,,
General-0-20250310-16:32:25-6414,scalar,SimpleNetwork.server.eth[0].mac,rx channel utilization (%),,,0.013141238092033,,,,,,,,,,
General-0-20250310-16:32:25-6414,scalar,SimpleNetwork.server.eth[0].mac,rxPausePkUnits:count,,,0,,,,,,,,,,
General-0-20250310-16:32:25-6414,attr,SimpleNetwork.server.eth[0].mac,rxPausePkUnits:count,interpolationmode,none,,,,,,,,,,,
General-0-20250310-16:32:25-6414,attr,SimpleNetwork.server.eth[0].mac,rxPausePkUnits:count,recordingmode,count,,,,,,,,,,,
General-0-20250310-16:32:25-6414,attr,SimpleNetwork.server.eth[0].mac,rxPausePkUnits:count,title,"pause units received, count",,,,,,,,,,,
General-0-20250310-16:32:25-6414,scalar,SimpleNetwork.server.eth[0].mac,rxPausePkUnits:sum,,,0,,,,,,,,,,
General-0-20250310-16:32:25-6414,attr,SimpleNetwork.server.eth[0].mac,rxPausePkUnits:sum,interpolationmode,none,,,,,,,,,,,
General-0-20250310-16:32:25-6414,attr,SimpleNetwork.server.eth[0].mac,rxPausePkUnits:sum,recordingmode,sum,,,,,,,,,,,
General-0-20250310-16:32:25-6414,attr,SimpleNetwork.server.eth[0].mac,rxPausePkUnits:sum,title,"pause units received, sum",,,,,,,,,,,
General-0-20250310-16:32:25-6414,scalar,SimpleNetwork.server.eth[0].mac,txPausePkUnits:count,,,0,,,,,,,,,,
General-0-20250310-16:32:25-6414,attr,SimpleNetwork.server.eth[0].mac,txPausePkUnits:count,interpolationmode,none,,,,,,,,,,,
General-0-20250310-16:32:25-6414,attr,SimpleNetwork.server.eth[0].mac,txPausePkUnits:count,recordingmode,count,,,,,,,,,,,
General-0-20250310-16:32:25-6414,attr,SimpleNetwork.server.eth[0].mac,txPausePkUnits:count,title,"pause units sent, count",,,,,,,,,,,
General-0-20250310-16:32:25-6414,scalar,SimpleNetwork.server.eth[0].mac,txPausePkUnits:sum,,,0,,,,,,,,,,
General-0-20250310-16:32:25-6414,attr,SimpleNetwork.server.eth[0].mac,txPausePkUnits:sum,interpolationmode,none,,,,,,,,,,,
General-0-20250310-16:32:25-6414,attr,SimpleNetwork.server.eth[0].mac,txPausePkUnits:sum,recordingmode,sum,,,,,,,,,,,
General-0-20250310-16:32:25-6414,attr,SimpleNetwork.server.eth[0].mac,txPausePkUnits:sum,title,"pause units sent, sum",,,,,,,,,,,
General-0-20250310-16:32:25-6414,scalar,SimpleNetwork.server.eth[0].mac,rxPkOk:count,,,2,,,,,,,,,,
General-0-20250310-16:32:25-6414,attr,SimpleNetwork.server.eth[0].mac,rxPkOk:count,interpolationmode,none,,,,,,,,,,,
General-0-20250310-16:32:25-6414,attr,SimpleNetwork.server.eth[0].mac,rxPkOk:count,recordingmode,count,,,,,,,,,,,
General-0-20250310-16:32:25-6414,attr,SimpleNetwork.server.eth[0].mac,rxPkOk:count,source,rxPkOk,,,,,,,,,,,
General-0-20250310-16:32:25-6414,attr,SimpleNetwork.server.eth[0].mac,rxPkOk:count,title,"packets received OK, count",,,,,,,,,,,
General-0-20250310-16:32:25-6414,scalar,SimpleNetwork.server.eth[0].mac,rxPkOk:sum(packetBytes),,,1134,,,,,,,,,,
General-0-20250310-16:32:25-6414,attr,SimpleNetwork.server.eth[0].mac,rxPkOk:sum(packetBytes),interpolationmode,none,,,,,,,,,,,
General-0-20250310-16:32:25-6414,attr,SimpleNetwork.server.eth[0].mac,rxPkOk:sum(packetBytes),recordingmode,sum(packetBytes),,,,,,,,,,,
General-0-20250310-16:32:25-6414,attr,SimpleNetwork.server.eth[0].mac,rxPkOk:sum(packetBytes),source,rxPkOk,,,,,,,,,,,
General-0-20250310-16:32:25-6414,attr,SimpleNetwork.server.eth[0].mac,rxPkOk:sum(packetBytes),title,"packets received OK, sum(packetBytes)",,,,,,,,,,,
General-0-20250310-16:32:25-6414,scalar,SimpleNetwork.server.eth[0].mac,txPk:count,,,1,,,,,,,,,,
General-0-20250310-16:32:25-6414,attr,SimpleNetwork.server.eth[0].mac,txPk:count,interpolationmode,none,,,,,,,,,,,
General-0-20250310-16:32:25-6414,attr,SimpleNetwork.server.eth[0].mac,txPk:count,recordingmode,count,,,,,,,,,,,
General-0-20250310-16:32:25-6414,attr,SimpleNetwork.server.eth[0].mac,txPk:count,source,packetSentToLower,,,,,,,,,,,
General-0-20250310-16:32:25-6414,attr,SimpleNetwork.server.eth[0].mac,txPk:count,title,"packets transmitted, count",,,,,,,,,,,
General-0-20250310-16:32:25-6414,scalar,SimpleNetwork.server.eth[0].mac,txPk:sum(packetBytes),,,64,,,,,,,,,,
General-0-20250310-16:32:25-6414,attr,SimpleNetwork.server.eth[0].mac,txPk:sum(packetBytes),interpolationmode,none,,,,,,,,,,,
General-0-20250310-16:32:25-6414,attr,SimpleNetwork.server.eth[0].mac,txPk:sum(packetBytes),recordingmode,sum(packetBytes),,,,,,,,,,,
General-0-20250310-16:32:25-6414,attr,SimpleNetwork.server.eth[0].mac,txPk:sum(packetBytes),source,packetSentToLower,,,,,,,,,,,
General-0-20250310-16:32:25-6414,attr,SimpleNetwork.server.eth[0].mac,txPk:sum(packetBytes),title,"packets transmitted, sum(packetBytes)",,,,,,,,,,,
General-0-20250310-16:32:25-6414,scalar,SimpleNetwork.server.eth[0].mac,packetReceivedFromUpper:count,,,1,,,,,,,,,,
General-0-20250310-16:32:25-6414,attr,SimpleNetwork.server.eth[0].mac,packetReceivedFromUpper:count,interpolationmode,none,,,,,,,,,,,
General-0-20250310-16:32:25-6414,attr,SimpleNetwork.server.eth[0].mac,packetReceivedFromUpper:count,recordingmode,count,,,,,,,,,,,
General-0-20250310-16:32:25-6414,attr,SimpleNetwork.server.eth[0].mac,packetReceivedFromUpper:count,source,packetReceivedFromUpper,,,,,,,,,,,
General-0-20250310-16:32:25-6414,attr,SimpleNetwork.server.eth[0].mac,packetReceivedFromUpper:count,title,"packet bytes from higher layer, count",,,,,,,,,,,
General-0-20250310-16:32:25-6414,scalar,SimpleNetwork.server.eth[0].mac,packetReceivedFromUpper:sum(packetBytes),,,46,,,,,,,,,,
General-0-20250310-16:32:25-6414,attr,SimpleNetwork.server.eth[0].mac,packetReceivedFromUpper:sum(packetBytes),interpolationmode,none,,,,,,,,,,,
General-0-20250310-16:32:25-6414,attr,SimpleNetwork.server.eth[0].mac,packetReceivedFromUpper:sum(packetBytes),recordingmode,sum(packetBytes),,,,,,,,,,,
General-0-20250310-16:32:25-6414,attr,SimpleNetwork.server.eth[0].mac,packetReceivedFromUpper:sum(packetBytes),source,packetReceivedFromUpper,,,,,,,,,,,
General-0-20250310-16:32:25-6414,attr,SimpleNetwork.server.eth[0].mac,packetReceivedFromUpper:sum(packetBytes),title,"packet bytes from higher layer, sum(packetBytes)",,,,,,,,,,,
General-0-20250310-16:32:25-6414,scalar,SimpleNetwork.server.eth[0].mac,passedUpPk:count,,,2,,,,,,,,,,
General-0-20250310-16:32:25-6414,attr,SimpleNetwork.server.eth[0].mac,passedUpPk:count,interpolationmode,none,,,,,,,,,,,
General-0-20250310-16:32:25-6414,attr,SimpleNetwork.server.eth[0].mac,passedUpPk:count,recordingmode,count,,,,,,,,,,,
General-0-20250310-16:32:25-6414,attr,SimpleNetwork.server.eth[0].mac,passedUpPk:count,source,packetSentToUpper,,,,,,,,,,,
General-0-20250310-16:32:25-6414,attr,SimpleNetwork.server.eth[0].mac,passedUpPk:count,title,"packets passed to higher layer, count",,,,,,,,,,,
General-0-20250310-16:32:25-6414,scalar,SimpleNetwork.server.eth[0].mac,passedUpPk:sum(packetBytes),,,1134,,,,,,,,,,
General-0-20250310-16:32:25-6414,attr,SimpleNetwork.server.eth[0].mac,passedUpPk:sum(packetBytes),interpolationmode,none,,,,,,,,,,,
General-0-20250310-16:32:25-6414,attr,SimpleNetwork.server.eth[0].mac,passedUpPk:sum(packetBytes),recordingmode,sum(packetBytes),,,,,,,,,,,
General-0-20250310-16:32:25-6414,attr,SimpleNetwork.server.eth[0].mac,passedUpPk:sum(packetBytes),source,packetSentToUpper,,,,,,,,,,,
General-0-20250310-16:32:25-6414,attr,SimpleNetwork.server.eth[0].mac,passedUpPk:sum(packetBytes),title,"packets passed to higher layer, sum(packetBytes)",,,,,,,,,,,
General-0-20250310-16:32:25-6414,scalar,SimpleNetwork.server.eth[0].mac,packetDropIncorrectlyReceived:count,,,0,,,,,,,,,,
General-0-20250310-16:32:25-6414,attr,SimpleNetwork.server.eth[0].mac,packetDropIncorrectlyReceived:count,interpolationmode,none,,,,,,,,,,,
General-0-20250310-16:32:25-6414,attr,SimpleNetwork.server.eth[0].mac,packetDropIncorrectlyReceived:count,recordingmode,count,,,,,,,,,,,
General-0-20250310-16:32:25-6414,attr,SimpleNetwork.server.eth[0].mac,packetDropIncorrectlyReceived:count,source,packetDropReasonIsIncorrectlyReceived(packetDropped),,,,,,,,,,,
General-0-20250310-16:32:25-6414,attr,SimpleNetwork.server.eth[0].mac,packetDropIncorrectlyReceived:count,title,"packet drop: incorrectly received, count",,,,,,,,,,,
General-0-20250310-16:32:25-6414,scalar,SimpleNetwork.server.eth[0].mac,packetDropIncorrectlyReceived:sum(packetBytes),,,0,,,,,,,,,,
General-0-20250310-16:32:25-6414,attr,SimpleNetwork.server.eth[0].mac,packetDropIncorrectlyReceived:sum(packetBytes),interpolationmode,none,,,,,,,,,,,
General-0-20250310-16:32:25-6414,attr,SimpleNetwork.server.eth[0].mac,packetDropIncorrectlyReceived:sum(packetBytes),recordingmode,sum(packetBytes),,,,,,,,,,,
General-0-20250310-16:32:25-6414,attr,SimpleNetwork.server.eth[0].mac,packetDropIncorrectlyReceived:sum(packetBytes),source,packetDropReasonIsIncorrectlyReceived(packetDropped),,,,,,,,,,,
General-0-20250310-16:32:25-6414,attr,SimpleNetwork.server.eth[0].mac,packetDropIncorrectlyReceived:sum(packetBytes),title,"packet drop: incorrectly received, sum(packetBytes)",,,,,,,,,,,
General-0-20250310-16:32:25-6414,scalar,SimpleNetwork.server.eth[0].mac,packetDropInterfaceDown:count,,,0,,,,,,,,,,
General-0-20250310-16:32:25-6414,attr,SimpleNetwork.server.eth[0].mac,packetDropInterfaceDown:count,interpolationmode,none,,,,,,,,,,,
General-0-20250310-16:32:25-6414,attr,SimpleNetwork.server.eth[0].mac,packetDropInterfaceDown:count,recordingmode,count,,,,,,,,,,,
General-0-20250310-16:32:25-6414,attr,SimpleNetwork.server.eth[0].mac,packetDropInterfaceDown:count,source,packetDropReasonIsInterfaceDown(packetDropped),,,,,,,,,,,
General-0-20250310-16:32:25-6414,attr,SimpleNetwork.server.eth[0].mac,packetDropInterfaceDown:count,title,"packet drop: interface down, count",,,,,,,,,,,
General-0-20250310-16:32:25-6414,scalar,SimpleNetwork.server.eth[0].mac,packetDropInterfaceDown:sum(packetBytes),,,0,,,,,,,,,,
General-0-20250310-16:32:25-6414,attr,SimpleNetwork.server.eth[0].mac,packetDropInterfaceDown:sum(packetBytes),interpolationmode,none,,,,,,,,,,,
General-0-20250310-16:32:25-6414,attr,SimpleNetwork.server.eth[0].mac,packetDropInterfaceDown:sum(packetBytes),recordingmode,sum(packetBytes),,,,,,,,,,,
General-0-20250310-16:32:25-6414,attr,SimpleNetwork.server.eth[0].mac,packetDropInterfaceDown:sum(packetBytes),source,packetDropReasonIsInterfaceDown(packetDropped),,,,,,,,,,,
General-0-20250310-16:32:25-6414,attr,SimpleNetwork.server.eth[0].mac,packetDropInterfaceDown:sum(packetBytes),title,"packet drop: interface down, sum(packetBytes)",,,,,,,,,,,
General-0-20250310-16:32:25-6414,scalar,SimpleNetwork.server.eth[0].mac,packetDropNotAddressedToUs:count,,,0,,,,,,,,,,
General-0-20250310-16:32:25-6414,attr,SimpleNetwork.server.eth[0].mac,packetDropNotAddressedToUs:count,interpolationmode,none,,,,,,,,,,,
General-0-20250310-16:32:25-6414,attr,SimpleNetwork.server.eth[0].mac,packetDropNotAddressedToUs:count,recordingmode,count,,,,,,,,,,,
General-0-20250310-16:32:25-6414,attr,SimpleNetwork.server.eth[0].mac,packetDropNotAddressedToUs:count,source,packetDropReasonIsNotAddressedToUs(packetDropped),,,,,,,,,,,
General-0-20250310-16:32:25-6414,attr,SimpleNetwork.server.eth[0].mac,packetDropNotAddressedToUs:count,title,"packet drop: not addressed to us, count",,,,,,,,,,,
General-0-20250310-16:32:25-6414,scalar,SimpleNetwork.server.eth[0].mac,packetDropNotAddressedToUs:sum(packetBytes),,,0,,,,,,,,,,
General-0-20250310-16:32:25-6414,attr,SimpleNetwork.server.eth[0].mac,packetDropNotAddressedToUs:sum(packetBytes),interpolationmode,none,,,,,,,,,,,
General-0-20250310-16:32:25-6414,attr,SimpleNetwork.server.eth[0].mac,packetDropNotAddressedToUs:sum(packetBytes),recordingmode,sum(packetBytes),,,,,,,,,,,
General-0-20250310-16:32:25-6414,attr,SimpleNetwork.server.eth[0].mac,packetDropNotAddressedToUs:sum(packetBytes),source,packetDropReasonIsNotAddressedToUs(packetDropped),,,,,,,,,,,
General-0-20250310-16:32:25-6414,attr,SimpleNetwork.server.eth[0].mac,packetDropNotAddressedToUs:sum(packetBytes),title,"packet drop: not addressed to us, sum(packetBytes)",,,,,,,,,,,
General-0-20250310-16:32:25-6414,scalar,SimpleNetwork.server.eth[0],packetDropInterfaceDown:count,,,0,,,,,,,,,,
General-0-20250310-16:32:25-6414,attr,SimpleNetwork.server.eth[0],packetDropInterfaceDown:count,interpolationmode,none,,,,,,,,,,,
General-0-20250310-16:32:25-6414,attr,SimpleNetwork.server.eth[0],packetDropInterfaceDown:count,recordingmode,count,,,,,,,,,,,
General-0-20250310-16:32:25-6414,attr,SimpleNetwork.server.eth[0],packetDropInterfaceDown:count,source,packetDropReasonIsInterfaceDown(packetDropped),,,,,,,,,,,
General-0-20250310-16:32:25-6414,attr,SimpleNetwork.server.eth[0],packetDropInterfaceDown:count,title,"packet drops: interface down, count",,,,,,,,,,,
General-0-20250310-16:32:25-6414,scalar,SimpleNetwork.server.eth[0],packetDropInterfaceDown:sum(packetBytes),,,0,,,,,,,,,,
General-0-20250310-16:32:25-6414,attr,SimpleNetwork.server.eth[0],packetDropInterfaceDown:sum(packetBytes),interpolationmode,none,,,,,,,,,,,
General-0-20250310-16:32:25-6414,attr,SimpleNetwork.server.eth[0],packetDropInterfaceDown:sum(packetBytes),recordingmode,sum(packetBytes),,,,,,,,,,,
General-0-20250310-16:32:25-6414,attr,SimpleNetwork.server.eth[0],packetDropInterfaceDown:sum(packetBytes),source,packetDropReasonIsInterfaceDown(packetDropped),,,,,,,,,,,
General-0-20250310-16:32:25-6414,attr,SimpleNetwork.server.eth[0],packetDropInterfaceDown:sum(packetBytes),title,"packet drops: interface down, sum(packetBytes)",,,,,,,,,,,
General-0-20250310-16:32:25-6414,scalar,SimpleNetwork.server.eth[0],packetDropNoCarrier:count,,,0,,,,,,,,,,
General-0-20250310-16:32:25-6414,attr,SimpleNetwork.server.eth[0],packetDropNoCarrier:count,interpolationmode,none,,,,,,,,,,,
General-0-20250310-16:32:25-6414,attr,SimpleNetwork.server.eth[0],packetDropNoCarrier:count,recordingmode,count,,,,,,,,,,,
General-0-20250310-16:32:25-6414,attr,SimpleNetwork.server.eth[0],packetDropNoCarrier:count,source,packetDropReasonIsNoCarrier(packetDropped),,,,,,,,,,,
General-0-20250310-16:32:25-6414,attr,SimpleNetwork.server.eth[0],packetDropNoCarrier:count,title,"packet drops: no carrier, count",,,,,,,,,,,
General-0-20250310-16:32:25-6414,scalar,SimpleNetwork.server.eth[0],packetDropNoCarrier:sum(packetBytes),,,0,,,,,,,,,,
General-0-20250310-16:32:25-6414,attr,SimpleNetwork.server.eth[0],packetDropNoCarrier:sum(packetBytes),interpolationmode,none,,,,,,,,,,,
General-0-20250310-16:32:25-6414,attr,SimpleNetwork.server.eth[0],packetDropNoCarrier:sum(packetBytes),recordingmode,sum(packetBytes),,,,,,,,,,,
General-0-20250310-16:32:25-6414,attr,SimpleNetwork.server.eth[0],packetDropNoCarrier:sum(packetBytes),source,packetDropReasonIsNoCarrier(packetDropped),,,,,,,,,,,
General-0-20250310-16:32:25-6414,attr,SimpleNetwork.server.eth[0],packetDropNoCarrier:sum(packetBytes),title,"packet drops: no carrier, sum(packetBytes)",,,,,,,,,,,
General-0-20250310-16:32:25-6414,scalar,SimpleNetwork.server.ipv4.ip,packetDropAddressResolutionFailed:count,,,0,,,,,,,,,,
General-0-20250310-16:32:25-6414,attr,SimpleNetwork.server.ipv4.ip,packetDropAddressResolutionFailed:count,interpolationmode,none,,,,,,,,,,,
General-0-20250310-16:32:25-6414,attr,SimpleNetwork.server.ipv4.ip,packetDropAddressResolutionFailed:count,recordingmode,count,,,,,,,,,,,
General-0-20250310-16:32:25-6414,attr,SimpleNetwork.server.ipv4.ip,packetDropAddressResolutionFailed:count,source,packetDropReasonIsAddressResolutionFailed(packetDropped),,,,,,,,,,,
General-0-20250310-16:32:25-6414,attr,SimpleNetwork.server.ipv4.ip,packetDropAddressResolutionFailed:count,title,"packet drop: address resolution failed, count",,,,,,,,,,,
General-0-20250310-16:32:25-6414,scalar,SimpleNetwork.server.ipv4.ip,packetDropAddressResolutionFailed:sum(packetBytes),,,0,,,,,,,,,,
General-0-20250310-16:32:25-6414,attr,SimpleNetwork.server.ipv4.ip,packetDropAddressResolutionFailed:sum(packetBytes),interpolationmode,none,,,,,,,,,,,
General-0-20250310-16:32:25-6414,attr,SimpleNetwork.server.ipv4.ip,packetDropAddressResolutionFailed:sum(packetBytes),recordingmode,sum(packetBytes),,,,,,,,,,,
General-0-20250310-16:32:25-6414,attr,SimpleNetwork.server.ipv4.ip,packetDropAddressResolutionFailed:sum(packetBytes),source,packetDropReasonIsAddressResolutionFailed(packetDropped),,,,,,,,,,,
General-0-20250310-16:32:25-6414,attr,SimpleNetwork.server.ipv4.ip,packetDropAddressResolutionFailed:sum(packetBytes),title,"packet drop: address resolution failed, sum(packetBytes)",,,,,,,,,,,
General-0-20250310-16:32:25-6414,scalar,SimpleNetwork.server.ipv4.ip,packetDropHopLimitReached:count,,,0,,,,,,,,,,
General-0-20250310-16:32:25-6414,attr,SimpleNetwork.server.ipv4.ip,packetDropHopLimitReached:count,interpolationmode,none,,,,,,,,,,,
General-0-20250310-16:32:25-6414,attr,SimpleNetwork.server.ipv4.ip,packetDropHopLimitReached:count,recordingmode,count,,,,,,,,,,,
General-0-20250310-16:32:25-6414,attr,SimpleNetwork.server.ipv4.ip,packetDropHopLimitReached:count,source,packetDropReasonIsHopLimitReached(packetDropped),,,,,,,,,,,
General-0-20250310-16:32:25-6414,attr,SimpleNetwork.server.ipv4.ip,packetDropHopLimitReached:count,title,"packet drop: hop limit reached, count",,,,,,,,,,,
General-0-20250310-16:32:25-6414,scalar,SimpleNetwork.server.ipv4.ip,packetDropHopLimitReached:sum(packetBytes),,,0,,,,,,,,,,
General-0-20250310-16:32:25-6414,attr,SimpleNetwork.server.ipv4.ip,packetDropHopLimitReached:sum(packetBytes),interpolationmode,none,,,,,,,,,,,
General-0-20250310-16:32:25-6414,attr,SimpleNetwork.server.ipv4.ip,packetDropHopLimitReached:sum(packetBytes),recordingmode,sum(packetBytes),,,,,,,,,,,
General-0-20250310-16:32:25-6414,attr,SimpleNetwork.server.ipv4.ip,packetDropHopLimitReached:sum(packetBytes),source,packetDropReasonIsHopLimitReached(packetDropped),,,,,,,,,,,
General-0-20250310-16:32:25-6414,attr,SimpleNetwork.server.ipv4.ip,packetDropHopLimitReached:sum(packetBytes),title,"packet drop: hop limit reached, sum(packetBytes)",,,,,,,,,,,
General-0-20250310-16:32:25-6414,scalar,SimpleNetwork.server.ipv4.ip,packetDropForwardingDisabled:count,,,0,,,,,,,,,,
General-0-20250310-16:32:25-6414,attr,SimpleNetwork.server.ipv4.ip,packetDropForwardingDisabled:count,interpolationmode,none,,,,,,,,,,,
General-0-20250310-16:32:25-6414,attr,SimpleNetwork.server.ipv4.ip,packetDropForwardingDisabled:count,recordingmode,count,,,,,,,,,,,
General-0-20250310-16:32:25-6414,attr,SimpleNetwork.server.ipv4.ip,packetDropForwardingDisabled:count,source,packetDropReasonIsForwardingDisabled(packetDropped),,,,,,,,,,,
General-0-20250310-16:32:25-6414,attr,SimpleNetwork.server.ipv4.ip,packetDropForwardingDisabled:count,title,"packet drop: forwarding disabled, count",,,,,,,,,,,
General-0-20250310-16:32:25-6414,scalar,SimpleNetwork.server.ipv4.ip,packetDropForwardingDisabled:sum(packetBytes),,,0,,,,,,,,,,
General-0-20250310-16:32:25-6414,attr,SimpleNetwork.server.ipv4.ip,packetDropForwardingDisabled:sum(packetBytes),interpolationmode,none,,,,,,,,,,,
General-0-20250310-16:32:25-6414,attr,SimpleNetwork.server.ipv4.ip,packetDropForwardingDisabled:sum(packetBytes),recordingmode,sum(packetBytes),,,,,,,,,,,
General-0-20250310-16:32:25-6414,attr,SimpleNetwork.server.ipv4.ip,packetDropForwardingDisabled:sum(packetBytes),source,packetDropReasonIsForwardingDisabled(packetDropped),,,,,,,,,,,
General-0-20250310-16:32:25-6414,attr,SimpleNetwork.server.ipv4.ip,packetDropForwardingDisabled:sum(packetBytes),title,"packet drop: forwarding disabled, sum(packetBytes)",,,,,,,,,,,
General-0-20250310-16:32:25-6414,scalar,SimpleNetwork.server.ipv4.ip,packetDropNoInterfaceFound:count,,,0,,,,,,,,,,
General-0-20250310-16:32:25-6414,attr,SimpleNetwork.server.ipv4.ip,packetDropNoInterfaceFound:count,interpolationmode,none,,,,,,,,,,,
General-0-20250310-16:32:25-6414,attr,SimpleNetwork.server.ipv4.ip,packetDropNoInterfaceFound:count,recordingmode,count,,,,,,,,,,,
General-0-20250310-16:32:25-6414,attr,SimpleNetwork.server.ipv4.ip,packetDropNoInterfaceFound:count,source,packetDropReasonIsNoInterfaceFound(packetDropped),,,,,,,,,,,
General-0-20250310-16:32:25-6414,attr,SimpleNetwork.server.ipv4.ip,packetDropNoInterfaceFound:count,title,"packet drop: no interface found, count",,,,,,,,,,,
General-0-20250310-16:32:25-6414,scalar,SimpleNetwork.server.ipv4.ip,packetDropNoInterfaceFound:sum(packetBytes),,,0,,,,,,,,,,
General-0-20250310-16:32:25-6414,attr,SimpleNetwork.server.ipv4.ip,packetDropNoInterfaceFound:sum(packetBytes),interpolationmode,none,,,,,,,,,,,
General-0-20250310-16:32:25-6414,attr,SimpleNetwork.server.ipv4.ip,packetDropNoInterfaceFound:sum(packetBytes),recordingmode,sum(packetBytes),,,,,,,,,,,
General-0-20250310-16:32:25-6414,attr,SimpleNetwork.server.ipv4.ip,packetDropNoInterfaceFound:sum(packetBytes),source,packetDropReasonIsNoInterfaceFound(packetDropped),,,,,,,,,,,
General-0-20250310-16:32:25-6414,attr,SimpleNetwork.server.ipv4.ip,packetDropNoInterfaceFound:sum(packetBytes),title,"packet drop: no interface found, sum(packetBytes)",,,,,,,,,,,
General-0-20250310-16:32:25-6414,scalar,SimpleNetwork.server.ipv4.ip,packetDropNoRouteFound:count,,,0,,,,,,,,,,
General-0-20250310-16:32:25-6414,attr,SimpleNetwork.server.ipv4.ip,packetDropNoRouteFound:count,interpolationmode,none,,,,,,,,,,,
General-0-20250310-16:32:25-6414,attr,SimpleNetwork.server.ipv4.ip,packetDropNoRouteFound:count,recordingmode,count,,,,,,,,,,,
General-0-20250310-16:32:25-6414,attr,SimpleNetwork.server.ipv4.ip,packetDropNoRouteFound:count,source,packetDropReasonIsNoRouteFound(packetDropped),,,,,,,,,,,
General-0-20250310-16:32:25-6414,attr,SimpleNetwork.server.ipv4.ip,packetDropNoRouteFound:count,title,"packet drop: no route found, count",,,,,,,,,,,
General-0-20250310-16:32:25-6414,scalar,SimpleNetwork.server.ipv4.ip,packetDropNoRouteFound:sum(packetBytes),,,0,,,,,,,,,,
General-0-20250310-16:32:25-6414,attr,SimpleNetwork.server.ipv4.ip,packetDropNoRouteFound:sum(packetBytes),interpolationmode,none,,,,,,,,,,,
General-0-20250310-16:32:25-6414,attr,SimpleNetwork.server.ipv4.ip,packetDropNoRouteFound:sum(packetBytes),recordingmode,sum(packetBytes),,,,,,,,,,,
General-0-20250310-16:32:25-6414,attr,SimpleNetwork.server.ipv4.ip,packetDropNoRouteFound:sum(packetBytes),source,packetDropReasonIsNoRouteFound(packetDropped),,,,,,,,,,,
General-0-20250310-16:32:25-6414,attr,SimpleNetwork.server.ipv4.ip,packetDropNoRouteFound:sum(packetBytes),title,"packet drop: no route found, sum(packetBytes)",,,,,,,,,,,
General-0-20250310-16:32:25-6414,scalar,SimpleNetwork.server.ipv4.ip,packetDropUndefined:count,,,0,,,,,,,,,,
General-0-20250310-16:32:25-6414,attr,SimpleNetwork.server.ipv4.ip,packetDropUndefined:count,interpolationmode,none,,,,,,,,,,,
General-0-20250310-16:32:25-6414,attr,SimpleNetwork.server.ipv4.ip,packetDropUndefined:count,recordingmode,count,,,,,,,,,,,
General-0-20250310-16:32:25-6414,attr,SimpleNetwork.server.ipv4.ip,packetDropUndefined:count,source,packetDropReasonIsUndefined(packetDropped),,,,,,,,,,,
General-0-20250310-16:32:25-6414,attr,SimpleNetwork.server.ipv4.ip,packetDropUndefined:count,title,"packet drop: undefined, count",,,,,,,,,,,
General-0-20250310-16:32:25-6414,scalar,SimpleNetwork.server.ipv4.ip,packetDropUndefined:sum(packetBytes),,,0,,,,,,,,,,
General-0-20250310-16:32:25-6414,attr,SimpleNetwork.server.ipv4.ip,packetDropUndefined:sum(packetBytes),interpolationmode,none,,,,,,,,,,,
General-0-20250310-16:32:25-6414,attr,SimpleNetwork.server.ipv4.ip,packetDropUndefined:sum(packetBytes),recordingmode,sum(packetBytes),,,,,,,,,,,
General-0-20250310-16:32:25-6414,attr,SimpleNetwork.server.ipv4.ip,packetDropUndefined:sum(packetBytes),source,packetDropReasonIsUndefined(packetDropped),,,,,,,,,,,
General-0-20250310-16:32:25-6414,attr,SimpleNetwork.server.ipv4.ip,packetDropUndefined:sum(packetBytes),title,"packet drop: undefined, sum(packetBytes)",,,,,,,,,,,
General-0-20250310-16:32:25-6414,scalar,SimpleNetwork.server.ipv4.arp,arpResolutionFailed:count,,,0,,,,,,,,,,
General-0-20250310-16:32:25-6414,attr,SimpleNetwork.server.ipv4.arp,arpResolutionFailed:count,recordingmode,count,,,,,,,,,,,
General-0-20250310-16:32:25-6414,attr,SimpleNetwork.server.ipv4.arp,arpResolutionFailed:count,title,"ARP failed resolutions, count",,,,,,,,,,,
General-0-20250310-16:32:25-6414,scalar,SimpleNetwork.server.ipv4.arp,arpResolutionCompleted:count,,,1,,,,,,,,,,
General-0-20250310-16:32:25-6414,attr,SimpleNetwork.server.ipv4.arp,arpResolutionCompleted:count,recordingmode,count,,,,,,,,,,,
General-0-20250310-16:32:25-6414,attr,SimpleNetwork.server.ipv4.arp,arpResolutionCompleted:count,title,"ARP completed resolutions, count",,,,,,,,,,,
General-0-20250310-16:32:25-6414,scalar,SimpleNetwork.server.ipv4.arp,arpResolutionInitiated:count,,,0,,,,,,,,,,
General-0-20250310-16:32:25-6414,attr,SimpleNetwork.server.ipv4.arp,arpResolutionInitiated:count,recordingmode,count,,,,,,,,,,,
General-0-20250310-16:32:25-6414,attr,SimpleNetwork.server.ipv4.arp,arpResolutionInitiated:count,title,"ARP initiated resolutions, count",,,,,,,,,,,
General-0-20250310-16:32:25-6414,scalar,SimpleNetwork.server.ipv4.arp,arpReplySent:count,,,1,,,,,,,,,,
General-0-20250310-16:32:25-6414,attr,SimpleNetwork.server.ipv4.arp,arpReplySent:count,recordingmode,count,,,,,,,,,,,
General-0-20250310-16:32:25-6414,attr,SimpleNetwork.server.ipv4.arp,arpReplySent:count,source,arpReplySent,,,,,,,,,,,
General-0-20250310-16:32:25-6414,attr,SimpleNetwork.server.ipv4.arp,arpReplySent:count,title,"ARP replies sent, count",,,,,,,,,,,
General-0-20250310-16:32:25-6414,scalar,SimpleNetwork.server.ipv4.arp,arpReplySent:sum(packetBytes),,,28,,,,,,,,,,
General-0-20250310-16:32:25-6414,attr,SimpleNetwork.server.ipv4.arp,arpReplySent:sum(packetBytes),recordingmode,sum(packetBytes),,,,,,,,,,,
General-0-20250310-16:32:25-6414,attr,SimpleNetwork.server.ipv4.arp,arpReplySent:sum(packetBytes),source,arpReplySent,,,,,,,,,,,
General-0-20250310-16:32:25-6414,attr,SimpleNetwork.server.ipv4.arp,arpReplySent:sum(packetBytes),title,"ARP replies sent, sum(packetBytes)",,,,,,,,,,,
General-0-20250310-16:32:25-6414,scalar,SimpleNetwork.server.ipv4.arp,arpRequestSent:count,,,0,,,,,,,,,,
General-0-20250310-16:32:25-6414,attr,SimpleNetwork.server.ipv4.arp,arpRequestSent:count,recordingmode,count,,,,,,,,,,,
General-0-20250310-16:32:25-6414,attr,SimpleNetwork.server.ipv4.arp,arpRequestSent:count,source,arpRequestSent,,,,,,,,,,,
General-0-20250310-16:32:25-6414,attr,SimpleNetwork.server.ipv4.arp,arpRequestSent:count,title,"ARP request sent, count",,,,,,,,,,,
General-0-20250310-16:32:25-6414,scalar,SimpleNetwork.server.ipv4.arp,arpRequestSent:sum(packetBytes),,,0,,,,,,,,,,
General-0-20250310-16:32:25-6414,attr,SimpleNetwork.server.ipv4.arp,arpRequestSent:sum(packetBytes),recordingmode,sum(packetBytes),,,,,,,,,,,
General-0-20250310-16:32:25-6414,attr,SimpleNetwork.server.ipv4.arp,arpRequestSent:sum(packetBytes),source,arpRequestSent,,,,,,,,,,,
General-0-20250310-16:32:25-6414,attr,SimpleNetwork.server.ipv4.arp,arpRequestSent:sum(packetBytes),title,"ARP request sent, sum(packetBytes)",,,,,,,,,,,
General-0-20250310-16:32:25-6414,scalar,SimpleNetwork.server.udp,packetReceived:count,,,1,,,,,,,,,,
General-0-20250310-16:32:25-6414,attr,SimpleNetwork.server.udp,packetReceived:count,interpolationmode,none,,,,,,,,,,,
General-0-20250310-16:32:25-6414,attr,SimpleNetwork.server.udp,packetReceived:count,recordingmode,count,,,,,,,,,,,
General-0-20250310-16:32:25-6414,attr,SimpleNetwork.server.udp,packetReceived:count,source,packetReceived,,,,,,,,,,,
General-0-20250310-16:32:25-6414,attr,SimpleNetwork.server.udp,packetReceived:count,title,"packets received, count",,,,,,,,,,,
General-0-20250310-16:32:25-6414,scalar,SimpleNetwork.server.udp,packetReceived:sum(packetBytes),,,1032,,,,,,,,,,
General-0-20250310-16:32:25-6414,attr,SimpleNetwork.server.udp,packetReceived:sum(packetBytes),interpolationmode,none,,,,,,,,,,,
General-0-20250310-16:32:25-6414,attr,SimpleNetwork.server.udp,packetReceived:sum(packetBytes),recordingmode,sum(packetBytes),,,,,,,,,,,
General-0-20250310-16:32:25-6414,attr,SimpleNetwork.server.udp,packetReceived:sum(packetBytes),source,packetReceived,,,,,,,,,,,
General-0-20250310-16:32:25-6414,attr,SimpleNetwork.server.udp,packetReceived:sum(packetBytes),title,"packets received, sum(packetBytes)",,,,,,,,,,,
General-0-20250310-16:32:25-6414,scalar,SimpleNetwork.server.udp,packetSent:count,,,0,,,,,,,,,,
General-0-20250310-16:32:25-6414,attr,SimpleNetwork.server.udp,packetSent:count,interpolationmode,none,,,,,,,,,,,
General-0-20250310-16:32:25-6414,attr,SimpleNetwork.server.udp,packetSent:count,recordingmode,count,,,,,,,,,,,
General-0-20250310-16:32:25-6414,attr,SimpleNetwork.server.udp,packetSent:count,source,packetSent,,,,,,,,,,,
General-0-20250310-16:32:25-6414,attr,SimpleNetwork.server.udp,packetSent:count,title,"packets sent, count",,,,,,,,,,,
General-0-20250310-16:32:25-6414,scalar,SimpleNetwork.server.udp,packetSent:sum(packetBytes),,,0,,,,,,,,,,
General-0-20250310-16:32:25-6414,attr,SimpleNetwork.server.udp,packetSent:sum(packetBytes),interpolationmode,none,,,,,,,,,,,
General-0-20250310-16:32:25-6414,attr,SimpleNetwork.server.udp,packetSent:sum(packetBytes),recordingmode,sum(packetBytes),,,,,,,,,,,
General-0-20250310-16:32:25-6414,attr,SimpleNetwork.server.udp,packetSent:sum(packetBytes),source,packetSent,,,,,,,,,,,
General-0-20250310-16:32:25-6414,attr,SimpleNetwork.server.udp,packetSent:sum(packetBytes),title,"packets sent, sum(packetBytes)",,,,,,,,,,,
General-0-20250310-16:32:25-6414,scalar,SimpleNetwork.server.udp,passedUpPk:count,,,1,,,,,,,,,,
General-0-20250310-16:32:25-6414,attr,SimpleNetwork.server.udp,passedUpPk:count,interpolationmode,none,,,,,,,,,,,
General-0-20250310-16:32:25-6414,attr,SimpleNetwork.server.udp,passedUpPk:count,recordingmode,count,,,,,,,,,,,
General-0-20250310-16:32:25-6414,attr,SimpleNetwork.server.udp,passedUpPk:count,source,packetSentToUpper,,,,,,,,,,,
General-0-20250310-16:32:25-6414,attr,SimpleNetwork.server.udp,passedUpPk:count,title,"packets passed up, count",,,,,,,,,,,
General-0-20250310-16:32:25-6414,scalar,SimpleNetwork.server.udp,droppedPkWrongPort:count,,,0,,,,,,,,,,
General-0-20250310-16:32:25-6414,attr,SimpleNetwork.server.udp,droppedPkWrongPort:count,interpolationmode,none,,,,,,,,,,,
General-0-20250310-16:32:25-6414,attr,SimpleNetwork.server.udp,droppedPkWrongPort:count,recordingmode,count,,,,,,,,,,,
General-0-20250310-16:32:25-6414,attr,SimpleNetwork.server.udp,droppedPkWrongPort:count,source,packetDropReasonIsNoPortFound(packetDropped),,,,,,,,,,,
General-0-20250310-16:32:25-6414,attr,SimpleNetwork.server.udp,droppedPkWrongPort:count,title,"packets dropped (wrong port), count",,,,,,,,,,,
General-0-20250310-16:32:25-6414,scalar,SimpleNetwork.server.udp,droppedPkBadChecksum:count,,,0,,,,,,,,,,
General-0-20250310-16:32:25-6414,attr,SimpleNetwork.server.udp,droppedPkBadChecksum:count,interpolationmode,none,,,,,,,,,,,
General-0-20250310-16:32:25-6414,attr,SimpleNetwork.server.udp,droppedPkBadChecksum:count,recordingmode,count,,,,,,,,,,,
General-0-20250310-16:32:25-6414,attr,SimpleNetwork.server.udp,droppedPkBadChecksum:count,source,packetDropReasonIsIncorrectlyReceived(packetDropped),,,,,,,,,,,
General-0-20250310-16:32:25-6414,attr,SimpleNetwork.server.udp,droppedPkBadChecksum:count,title,"packets dropped (checksum error), count",,,,,,,,,,,
General-0-20250310-16:32:25-6414,scalar,SimpleNetwork.server.app[0],packetReceived:count,,,1,,,,,,,,,,
General-0-20250310-16:32:25-6414,attr,SimpleNetwork.server.app[0],packetReceived:count,interpolationmode,none,,,,,,,,,,,
General-0-20250310-16:32:25-6414,attr,SimpleNetwork.server.app[0],packetReceived:count,recordingmode,count,,,,,,,,,,,
General-0-20250310-16:32:25-6414,attr,SimpleNetwork.server.app[0],packetReceived:count,source,packetReceived,,,,,,,,,,,
General-0-20250310-16:32:25-6414,attr,SimpleNetwork.server.app[0],packetReceived:count,title,"packets received, count",,,,,,,,,,,
General-0-20250310-16:32:25-6414,scalar,SimpleNetwork.server.app[0],packetReceived:sum(packetBytes),,,1024,,,,,,,,,,
General-0-20250310-16:32:25-6414,attr,SimpleNetwork.server.app[0],packetReceived:sum(packetBytes),interpolationmode,none,,,,,,,,,,,
General-0-20250310-16:32:25-6414,attr,SimpleNetwork.server.app[0],packetReceived:sum(packetBytes),recordingmode,sum(packetBytes),,,,,,,,,,,
General-0-20250310-16:32:25-6414,attr,SimpleNetwork.server.app[0],packetReceived:sum(packetBytes),source,packetReceived,,,,,,,,,,,
General-0-20250310-16:32:25-6414,attr,SimpleNetwork.server.app[0],packetReceived:sum(packetBytes),title,"packets received, sum(packetBytes)",,,,,,,,,,,
General-0-20250310-16:32:25-6414,scalar,SimpleNetwork.client.ethernet,pauseSent:count,,,0,,,,,,,,,,
General-0-20250310-16:32:25-6414,attr,SimpleNetwork.client.ethernet,pauseSent:count,recordingmode,count,,,,,,,,,,,
General-0-20250310-16:32:25-6414,attr,SimpleNetwork.client.ethernet,pauseSent:count,title,"pause sent, count",,,,,,,,,,,
General-0-20250310-16:32:25-6414,scalar,SimpleNetwork.client.ethernet,pauseSent:sum,,,0,,,,,,,,,,
General-0-20250310-16:32:25-6414,attr,SimpleNetwork.client.ethernet,pauseSent:sum,recordingmode,sum,,,,,,,,,,,
General-0-20250310-16:32:25-6414,attr,SimpleNetwork.client.ethernet,pauseSent:sum,title,"pause sent, sum",,,,,,,,,,,
General-0-20250310-16:32:25-6414,scalar,SimpleNetwork.client.ethernet,decapPk:count,,,1,,,,,,,,,,
General-0-20250310-16:32:25-6414,attr,SimpleNetwork.client.ethernet,decapPk:count,interpolationmode,none,,,,,,,,,,,
General-0-20250310-16:32:25-6414,attr,SimpleNetwork.client.ethernet,decapPk:count,recordingmode,count,,,,,,,,,,,
General-0-20250310-16:32:25-6414,attr,SimpleNetwork.client.ethernet,decapPk:count,source,decapPk,,,,,,,,,,,
General-0-20250310-16:32:25-6414,attr,SimpleNetwork.client.ethernet,decapPk:count,title,"packets decapsulated, count",,,,,,,,,,,
General-0-20250310-16:32:25-6414,scalar,SimpleNetwork.client.ethernet,decapPk:sum(packetBytes),,,46,,,,,,,,,,
General-0-20250310-16:32:25-6414,attr,SimpleNetwork.client.ethernet,decapPk:sum(packetBytes),interpolationmode,none,,,,,,,,,,,
General-0-20250310-16:32:25-6414,attr,SimpleNetwork.client.ethernet,decapPk:sum(packetBytes),recordingmode,sum(packetBytes),,,,,,,,,,,
General-0-20250310-16:32:25-6414,attr,SimpleNetwork.client.ethernet,decapPk:sum(packetBytes),source,decapPk,,,,,,,,,,,
General-0-20250310-16:32:25-6414,attr,SimpleNetwork.client.ethernet,decapPk:sum(packetBytes),title,"packets decapsulated, sum(packetBytes)",,,,,,,,,,,
General-0-20250310-16:32:25-6414,scalar,SimpleNetwork.client.ethernet,encapPk:count,,,9,,,,,,,,,,
General-0-20250310-16:32:25-6414,attr,SimpleNetwork.client.ethernet,encapPk:count,interpolationmode,none,,,,,,,,,,,
General-0-20250310-16:32:25-6414,attr,SimpleNetwork.client.ethernet,encapPk:count,recordingmode,count,,,,,,,,,,,
General-0-20250310-16:32:25-6414,attr,SimpleNetwork.client.ethernet,encapPk:count,source,encapPk,,,,,,,,,,,
General-0-20250310-16:32:25-6414,attr,SimpleNetwork.client.ethernet,encapPk:count,title,"packets encapsulated, count",,,,,,,,,,,
General-0-20250310-16:32:25-6414,scalar,SimpleNetwork.client.ethernet,encapPk:sum(packetBytes),,,8444,,,,,,,,,,
General-0-20250310-16:32:25-6414,attr,SimpleNetwork.client.ethernet,encapPk:sum(packetBytes),interpolationmode,none,,,,,,,,,,,
General-0-20250310-16:32:25-6414,attr,SimpleNetwork.client.ethernet,encapPk:sum(packetBytes),recordingmode,sum(packetBytes),,,,,,,,,,,
General-0-20250310-16:32:25-6414,attr,SimpleNetwork.client.ethernet,encapPk:sum(packetBytes),source,encapPk,,,,,,,,,,,
General-0-20250310-16:32:25-6414,attr,SimpleNetwork.client.ethernet,encapPk:sum(packetBytes),title,"packets encapsulated, sum(packetBytes)",,,,,,,,,,,
General-0-20250310-16:32:25-6414,scalar,SimpleNetwork.client.lo[0].lo,rcvdPkFromHl:count,,,0,,,,,,,,,,
General-0-20250310-16:32:25-6414,attr,SimpleNetwork.client.lo[0].lo,rcvdPkFromHl:count,interpolationmode,none,,,,,,,,,,,
General-0-20250310-16:32:25-6414,attr,SimpleNetwork.client.lo[0].lo,rcvdPkFromHl:count,recordingmode,count,,,,,,,,,,,
General-0-20250310-16:32:25-6414,attr,SimpleNetwork.client.lo[0].lo,rcvdPkFromHl:count,source,packetReceivedFromUpper,,,,,,,,,,,
General-0-20250310-16:32:25-6414,attr,SimpleNetwork.client.lo[0].lo,rcvdPkFromHl:count,title,"packets received from higher layer, count",,,,,,,,,,,
General-0-20250310-16:32:25-6414,scalar,SimpleNetwork.client.lo[0].lo,rcvdPkFromHl:sum(packetBytes),,,0,,,,,,,,,,
General-0-20250310-16:32:25-6414,attr,SimpleNetwork.client.lo[0].lo,rcvdPkFromHl:sum(packetBytes),interpolationmode,none,,,,,,,,,,,
General-0-20250310-16:32:25-6414,attr,SimpleNetwork.client.lo[0].lo,rcvdPkFromHl:sum(packetBytes),recordingmode,sum(packetBytes),,,,,,,,,,,
General-0-20250310-16:32:25-6414,attr,SimpleNetwork.client.lo[0].lo,rcvdPkFromHl:sum(packetBytes),source,packetReceivedFromUpper,,,,,,,,,,,
General-0-20250310-16:32:25-6414,attr,SimpleNetwork.client.lo[0].lo,rcvdPkFromHl:sum(packetBytes),title,"packets received from higher layer, sum(packetBytes)",,,,,,,,,,,
General-0-20250310-16:32:25-6414,scalar,SimpleNetwork.client.lo[0].lo,passedUpPk:count,,,0,,,,,,,,,,
General-0-20250310-16:32:25-6414,attr,SimpleNetwork.client.lo[0].lo,passedUpPk:count,interpolationmode,none,,,,,,,,,,,
General-0-20250310-16:32:25-6414,attr,SimpleNetwork.client.lo[0].lo,passedUpPk:count,recordingmode,count,,,,,,,,,,,
General-0-20250310-16:32:25-6414,attr,SimpleNetwork.client.lo[0].lo,passedUpPk:count,source,packetSentToUpper,,,,,,,,,,,
General-0-20250310-16:32:25-6414,attr,SimpleNetwork.client.lo[0].lo,passedUpPk:count,title,"packets passed to higher layer, count",,,,,,,,,,,
General-0-20250310-16:32:25-6414,scalar,SimpleNetwork.client.lo[0].lo,passedUpPk:sum(packetBytes),,,0,,,,,,,,,,
General-0-20250310-16:32:25-6414,attr,SimpleNetwork.client.lo[0].lo,passedUpPk:sum(packetBytes),interpolationmode,none,,,,,,,,,,,
General-0-20250310-16:32:25-6414,attr,SimpleNetwork.client.lo[0].lo,passedUpPk:sum(packetBytes),recordingmode,sum(packetBytes),,,,,,,,,,,
General-0-20250310-16:32:25-6414,attr,SimpleNetwork.client.lo[0].lo,passedUpPk:sum(packetBytes),source,packetSentToUpper,,,,,,,,,,,
General-0-20250310-16:32:25-6414,attr,SimpleNetwork.client.lo[0].lo,passedUpPk:sum(packetBytes),title,"packets passed to higher layer, sum(packetBytes)",,,,,,,,,,,
General-0-20250310-16:32:25-6414,scalar,SimpleNetwork.client.lo[0],packetDropInterfaceDown:count,,,0,,,,,,,,,,
General-0-20250310-16:32:25-6414,attr,SimpleNetwork.client.lo[0],packetDropInterfaceDown:count,interpolationmode,none,,,,,,,,,,,
General-0-20250310-16:32:25-6414,attr,SimpleNetwork.client.lo[0],packetDropInterfaceDown:count,recordingmode,count,,,,,,,,,,,
General-0-20250310-16:32:25-6414,attr,SimpleNetwork.client.lo[0],packetDropInterfaceDown:count,source,packetDropReasonIsInterfaceDown(packetDropped),,,,,,,,,,,
General-0-20250310-16:32:25-6414,attr,SimpleNetwork.client.lo[0],packetDropInterfaceDown:count,title,"packet drops: interface down, count",,,,,,,,,,,
General-0-20250310-16:32:25-6414,scalar,SimpleNetwork.client.lo[0],packetDropInterfaceDown:sum(packetBytes),,,0,,,,,,,,,,
General-0-20250310-16:32:25-6414,attr,SimpleNetwork.client.lo[0],packetDropInterfaceDown:sum(packetBytes),interpolationmode,none,,,,,,,,,,,
General-0-20250310-16:32:25-6414,attr,SimpleNetwork.client.lo[0],packetDropInterfaceDown:sum(packetBytes),recordingmode,sum(packetBytes),,,,,,,,,,,
General-0-20250310-16:32:25-6414,attr,SimpleNetwork.client.lo[0],packetDropInterfaceDown:sum(packetBytes),source,packetDropReasonIsInterfaceDown(packetDropped),,,,,,,,,,,
General-0-20250310-16:32:25-6414,attr,SimpleNetwork.client.lo[0],packetDropInterfaceDown:sum(packetBytes),title,"packet drops: interface down, sum(packetBytes)",,,,,,,,,,,
General-0-20250310-16:32:25-6414,scalar,SimpleNetwork.client.lo[0],packetDropNoCarrier:count,,,0,,,,,,,,,,
General-0-20250310-16:32:25-6414,attr,SimpleNetwork.client.lo[0],packetDropNoCarrier:count,interpolationmode,none,,,,,,,,,,,
General-0-20250310-16:32:25-6414,attr,SimpleNetwork.client.lo[0],packetDropNoCarrier:count,recordingmode,count,,,,,,,,,,,
General-0-20250310-16:32:25-6414,attr,SimpleNetwork.client.lo[0],packetDropNoCarrier:count,source,packetDropReasonIsNoCarrier(packetDropped),,,,,,,,,,,
General-0-20250310-16:32:25-6414,attr,SimpleNetwork.client.lo[0],packetDropNoCarrier:count,title,"packet drops: no carrier, count",,,,,,,,,,,
General-0-20250310-16:32:25-6414,scalar,SimpleNetwork.client.lo[0],packetDropNoCarrier:sum(packetBytes),,,0,,,,,,,,,,
General-0-20250310-16:32:25-6414,attr,SimpleNetwork.client.lo[0],packetDropNoCarrier:sum(packetBytes),interpolationmode,none,,,,,,,,,,,
General-0-20250310-16:32:25-6414,attr,SimpleNetwork.client.lo[0],packetDropNoCarrier:sum(packetBytes),recordingmode,sum(packetBytes),,,,,,,,,,,
General-0-20250310-16:32:25-6414,attr,SimpleNetwork.client.lo[0],packetDropNoCarrier:sum(packetBytes),source,packetDropReasonIsNoCarrier(packetDropped),,,,,,,,,,,
General-0-20250310-16:32:25-6414,attr,SimpleNetwork.client.lo[0],packetDropNoCarrier:sum(packetBytes),title,"packet drops: no carrier, sum(packetBytes)",,,,,,,,,,,
General-0-20250310-16:32:25-6414,scalar,SimpleNetwork.client.eth[0].queue,queueLength:last,,,0,,,,,,,,,,
General-0-20250310-16:32:25-6414,attr,SimpleNetwork.client.eth[0].queue,queueLength:last,autoWarmupFilter,false,,,,,,,,,,,
General-0-20250310-16:32:25-6414,attr,SimpleNetwork.client.eth[0].queue,queueLength:last,interpolationmode,sample-hold,,,,,,,,,,,
General-0-20250310-16:32:25-6414,attr,SimpleNetwork.client.eth[0].queue,queueLength:last,recordingmode,last,,,,,,,,,,,
General-0-20250310-16:32:25-6414,attr,SimpleNetwork.client.eth[0].queue,queueLength:last,source,warmup(atomic(constant0(packetPushEnded) + count(packetPushStarted) - count(packetPulled) - count(packetRemoved) - count(packetDropped))),,,,,,,,,,,
General-0-20250310-16:32:25-6414,attr,SimpleNetwork.client.eth[0].queue,queueLength:last,title,"queue length, last",,,,,,,,,,,
General-0-20250310-16:32:25-6414,attr,SimpleNetwork.client.eth[0].queue,queueLength:last,unit,pk,,,,,,,,,,,
General-0-20250310-16:32:25-6414,scalar,SimpleNetwork.client.eth[0].queue,queueLength:max,,,0,,,,,,,,,,
General-0-20250310-16:32:25-6414,attr,SimpleNetwork.client.eth[0].queue,queueLength:max,autoWarmupFilter,false,,,,,,,,,,,
General-0-20250310-16:32:25-6414,attr,SimpleNetwork.client.eth[0].queue,queueLength:max,interpolationmode,sample-hold,,,,,,,,,,,
General-0-20250310-16:32:25-6414,attr,SimpleNetwork.client.eth[0].queue,queueLength:max,recordingmode,max,,,,,,,,,,,
General-0-20250310-16:32:25-6414,attr,SimpleNetwork.client.eth[0].queue,queueLength:max,source,warmup(atomic(constant0(packetPushEnded) + count(packetPushStarted) - count(packetPulled) - count(packetRemoved) - count(packetDropped))),,,,,,,,,,,
General-0-20250310-16:32:25-6414,attr,SimpleNetwork.client.eth[0].queue,queueLength:max,title,"queue length, max",,,,,,,,,,,
General-0-20250310-16:32:25-6414,attr,SimpleNetwork.client.eth[0].queue,queueLength:max,unit,pk,,,,,,,,,,,
General-0-20250310-16:32:25-6414,scalar,SimpleNetwork.client.eth[0].queue,queueLength:timeavg,,,0,,,,,,,,,,
General-0-20250310-16:32:25-6414,attr,SimpleNetwork.client.eth[0].queue,queueLength:timeavg,autoWarmupFilter,false,,,,,,,,,,,
General-0-20250310-16:32:25-6414,attr,SimpleNetwork.client.eth[0].queue,queueLength:timeavg,interpolationmode,sample-hold,,,,,,,,,,,
General-0-20250310-16:32:25-6414,attr,SimpleNetwork.client.eth[0].queue,queueLength:timeavg,recordingmode,timeavg,,,,,,,,,,,
General-0-20250310-16:32:25-6414,attr,SimpleNetwork.client.eth[0].queue,queueLength:timeavg,source,warmup(atomic(constant0(packetPushEnded) + count(packetPushStarted) - count(packetPulled) - count(packetRemoved) - count(packetDropped))),,,,,,,,,,,
General-0-20250310-16:32:25-6414,attr,SimpleNetwork.client.eth[0].queue,queueLength:timeavg,title,"queue length, timeavg",,,,,,,,,,,
General-0-20250310-16:32:25-6414,attr,SimpleNetwork.client.eth[0].queue,queueLength:timeavg,unit,pk,,,,,,,,,,,
General-0-20250310-16:32:25-6414,scalar,SimpleNetwork.client.eth[0].queue,queueBitLength:last,,,0,,,,,,,,,,
General-0-20250310-16:32:25-6414,attr,SimpleNetwork.client.eth[0].queue,queueBitLength:last,autoWarmupFilter,false,,,,,,,,,,,
General-0-20250310-16:32:25-6414,attr,SimpleNetwork.client.eth[0].queue,queueBitLength:last,interpolationmode,sample-hold,,,,,,,,,,,
General-0-20250310-16:32:25-6414,attr,SimpleNetwork.client.eth[0].queue,queueBitLength:last,recordingmode,last,,,,,,,,,,,
General-0-20250310-16:32:25-6414,attr,SimpleNetwork.client.eth[0].queue,queueBitLength:last,source,warmup(atomic(constant0(packetPushEnded) + sum(packetLength(packetPushStarted)) - sum(packetLength(packetPulled)) - sum(packetLength(packetRemoved)) - sum(packetLength(packetDropped)))),,,,,,,,,,,
General-0-20250310-16:32:25-6414,attr,SimpleNetwork.client.eth[0].queue,queueBitLength:last,title,"queue bit length, last",,,,,,,,,,,
General-0-20250310-16:32:25-6414,attr,SimpleNetwork.client.eth[0].queue,queueBitLength:last,unit,b,,,,,,,,,,,
General-0-20250310-16:32:25-6414,scalar,SimpleNetwork.client.eth[0].queue,queueBitLength:max,,,0,,,,,,,,,,
General-0-20250310-16:32:25-6414,attr,SimpleNetwork.client.eth[0].queue,queueBitLength:max,autoWarmupFilter,false,,,,,,,,,,,
General-0-20250310-16:32:25-6414,attr,SimpleNetwork.client.eth[0].queue,queueBitLength:max,interpolationmode,sample-hold,,,,,,,,,,,
General-0-20250310-16:32:25-6414,attr,SimpleNetwork.client.eth[0].queue,queueBitLength:max,recordingmode,max,,,,,,,,,,,
General-0-20250310-16:32:25-6414,attr,SimpleNetwork.client.eth[0].queue,queueBitLength:max,source,warmup(atomic(constant0(packetPushEnded) + sum(packetLength(packetPushStarted)) - sum(packetLength(packetPulled)) - sum(packetLength(packetRemoved)) - sum(packetLength(packetDropped)))),,,,,,,,,,,
General-0-20250310-16:32:25-6414,attr,SimpleNetwork.client.eth[0].queue,queueBitLength:max,title,"queue bit length, max",,,,,,,,,,,
General-0-20250310-16:32:25-6414,attr,SimpleNetwork.client.eth[0].queue,queueBitLength:max,unit,b,,,,,,,,,,,
General-0-20250310-16:32:25-6414,scalar,SimpleNetwork.client.eth[0].queue,queueBitLength:timeavg,,,0,,,,,,,,,,
General-0-20250310-16:32:25-6414,attr,SimpleNetwork.client.eth[0].queue,queueBitLength:timeavg,autoWarmupFilter,false,,,,,,,,,,,
General-0-20250310-16:32:25-6414,attr,SimpleNetwork.client.eth[0].queue,queueBitLength:timeavg,interpolationmode,sample-hold,,,,,,,,,,,
General-0-20250310-16:32:25-6414,attr,SimpleNetwork.client.eth[0].queue,queueBitLength:timeavg,recordingmode,timeavg,,,,,,,,,,,
General-0-20250310-16:32:25-6414,attr,SimpleNetwork.client.eth[0].queue,queueBitLength:timeavg,source,warmup(atomic(constant0(packetPushEnded) + sum(packetLength(packetPushStarted)) - sum(packetLength(packetPulled)) - sum(packetLength(packetRemoved)) - sum(packetLength(packetDropped)))),,,,,,,,,,,
General-0-20250310-16:32:25-6414,attr,SimpleNetwork.client.eth[0].queue,queueBitLength:timeavg,title,"queue bit length, timeavg",,,,,,,,,,,
General-0-20250310-16:32:25-6414,attr,SimpleNetwork.client.eth[0].queue,queueBitLength:timeavg,unit,b,,,,,,,,,,,
General-0-20250310-16:32:25-6414,scalar,SimpleNetwork.client.eth[0].queue,outgoingPackets:count,,,9,,,,,,,,,,
General-0-20250310-16:32:25-6414,attr,SimpleNetwork.client.eth[0].queue,outgoingPackets:count,recordingmode,count,,,,,,,,,,,
General-0-20250310-16:32:25-6414,attr,SimpleNetwork.client.eth[0].queue,outgoingPackets:count,source,packetPulled,,,,,,,,,,,
General-0-20250310-16:32:25-6414,attr,SimpleNetwork.client.eth[0].queue,outgoingPackets:count,title,"outgoing packets, count",,,,,,,,,,,
General-0-20250310-16:32:25-6414,attr,SimpleNetwork.client.eth[0].queue,outgoingPackets:count,unit,pk,,,,,,,,,,,
General-0-20250310-16:32:25-6414,scalar,SimpleNetwork.client.eth[0].queue,outgoingPacketLengths:sum,,,68848,,,,,,,,,,
General-0-20250310-16:32:25-6414,attr,SimpleNetwork.client.eth[0].queue,outgoingPacketLengths:sum,interpolationmode,none,,,,,,,,,,,
General-0-20250310-16:32:25-6414,attr,SimpleNetwork.client.eth[0].queue,outgoingPacketLengths:sum,recordingmode,sum,,,,,,,,,,,
General-0-20250310-16:32:25-6414,attr,SimpleNetwork.client.eth[0].queue,outgoingPacketLengths:sum,source,packetLength(packetPulled),,,,,,,,,,,
General-0-20250310-16:32:25-6414,attr,SimpleNetwork.client.eth[0].queue,outgoingPacketLengths:sum,title,"outgoing packet lengths, sum",,,,,,,,,,,
General-0-20250310-16:32:25-6414,attr,SimpleNetwork.client.eth[0].queue,outgoingPacketLengths:sum,unit,b,,,,,,,,,,,
General-0-20250310-16:32:25-6414,scalar,SimpleNetwork.client.eth[0].queue,incomingPackets:count,,,9,,,,,,,,,,
General-0-20250310-16:32:25-6414,attr,SimpleNetwork.client.eth[0].queue,incomingPackets:count,recordingmode,count,,,,,,,,,,,
General-0-20250310-16:32:25-6414,attr,SimpleNetwork.client.eth[0].queue,incomingPackets:count,source,packetPushStarted,,,,,,,,,,,
General-0-20250310-16:32:25-6414,attr,SimpleNetwork.client.eth[0].queue,incomingPackets:count,title,"incoming packets, count",,,,,,,,,,,
General-0-20250310-16:32:25-6414,attr,SimpleNetwork.client.eth[0].queue,incomingPackets:count,unit,pk,,,,,,,,,,,
General-0-20250310-16:32:25-6414,scalar,SimpleNetwork.client.eth[0].queue,incomingPacketLengths:sum,,,68848,,,,,,,,,,
General-0-20250310-16:32:25-6414,attr,SimpleNetwork.client.eth[0].queue,incomingPacketLengths:sum,interpolationmode,none,,,,,,,,,,,
General-0-20250310-16:32:25-6414,attr,SimpleNetwork.client.eth[0].queue,incomingPacketLengths:sum,recordingmode,sum,,,,,,,,,,,
General-0-20250310-16:32:25-6414,attr,SimpleNetwork.client.eth[0].queue,incomingPacketLengths:sum,source,packetLength(packetPushStarted),,,,,,,,,,,
General-0-20250310-16:32:25-6414,attr,SimpleNetwork.client.eth[0].queue,incomingPacketLengths:sum,title,"incoming packet lengths, sum",,,,,,,,,,,
General-0-20250310-16:32:25-6414,attr,SimpleNetwork.client.eth[0].queue,incomingPacketLengths:sum,unit,b,,,,,,,,,,,
General-0-20250310-16:32:25-6414,scalar,SimpleNetwork.client.eth[0].queue,droppedPacketsQueueOverflow:count,,,0,,,,,,,,,,
General-0-20250310-16:32:25-6414,attr,SimpleNetwork.client.eth[0].queue,droppedPacketsQueueOverflow:count,interpolationmode,none,,,,,,,,,,,
General-0-20250310-16:32:25-6414,attr,SimpleNetwork.client.eth[0].queue,droppedPacketsQueueOverflow:count,recordingmode,count,,,,,,,,,,,
General-0-20250310-16:32:25-6414,attr,SimpleNetwork.client.eth[0].queue,droppedPacketsQueueOverflow:count,source,packetDropReasonIsQueueOverflow(packetDropped),,,,,,,,,,,
General-0-20250310-16:32:25-6414,attr,SimpleNetwork.client.eth[0].queue,droppedPacketsQueueOverflow:count,title,"dropped packets: queue overflow, count",,,,,,,,,,,
General-0-20250310-16:32:25-6414,attr,SimpleNetwork.client.eth[0].queue,droppedPacketsQueueOverflow:count,unit,pk,,,,,,,,,,,
General-0-20250310-16:32:25-6414,scalar,SimpleNetwork.client.eth[0].queue,droppedPacketLengthsQueueOverflow:sum,,,0,,,,,,,,,,
General-0-20250310-16:32:25-6414,attr,SimpleNetwork.client.eth[0].queue,droppedPacketLengthsQueueOverflow:sum,interpolationmode,none,,,,,,,,,,,
General-0-20250310-16:32:25-6414,attr,SimpleNetwork.client.eth[0].queue,droppedPacketLengthsQueueOverflow:sum,recordingmode,sum,,,,,,,,,,,
General-0-20250310-16:32:25-6414,attr,SimpleNetwork.client.eth[0].queue,droppedPacketLengthsQueueOverflow:sum,source,packetLength(packetDropReasonIsQueueOverflow(packetDropped)),,,,,,,,,,,
General-0-20250310-16:32:25-6414,attr,SimpleNetwork.client.eth[0].queue,droppedPacketLengthsQueueOverflow:sum,title,"dropped packet lengths: queue overflow, sum",,,,,,,,,,,
General-0-20250310-16:32:25-6414,attr,SimpleNetwork.client.eth[0].queue,droppedPacketLengthsQueueOverflow:sum,unit,b,,,,,,,,,,,
General-0-20250310-16:32:25-6414,scalar,SimpleNetwork.client.eth[0].mac,simulated time,,,7.000862426789,,,,,,,,,,
General-0-20250310-16:32:25-6414,scalar,SimpleNetwork.client.eth[0].mac,full-duplex,,,1,,,,,,,,,,
General-0-20250310-16:32:25-6414,scalar,SimpleNetwork.client.eth[0].mac,frames/sec sent,,,1.2855559003075,,,,,,,,,,
General-0-20250310-16:32:25-6414,scalar,SimpleNetwork.client.eth[0].mac,frames/sec rcvd,,,0.14283954447862,,,,,,,,,,
General-0-20250310-16:32:25-6414,scalar,SimpleNetwork.client.eth[0].mac,bits/sec sent,,,9854.7858526687,,,,,,,,,,
General-0-20250310-16:32:25-6414,scalar,SimpleNetwork.client.eth[0].mac,bits/sec rcvd,,,73.133846773051,,,,,,,,,,
General-0-20250310-16:32:25-6414,scalar,SimpleNetwork.client.eth[0].mac,rx channel idle (%),,,99.999177244224,,,,,,,,,,
General-0-20250310-16:32:25-6414,scalar,SimpleNetwork.client.eth[0].mac,rx channel utilization (%),,,0.00082275577619683,,,,,,,,,,
General-0-20250310-16:32:25-6414,scalar,SimpleNetwork.client.eth[0].mac,rxPausePkUnits:count,,,0,,,,,,,,,,
General-0-20250310-16:32:25-6414,attr,SimpleNetwork.client.eth[0].mac,rxPausePkUnits:count,interpolationmode,none,,,,,,,,,,,
General-0-20250310-16:32:25-6414,attr,SimpleNetwork.client.eth[0].mac,rxPausePkUnits:count,recordingmode,count,,,,,,,,,,,
General-0-20250310-16:32:25-6414,attr,SimpleNetwork.client.eth[0].mac,rxPausePkUnits:count,title,"pause units received, count",,,,,,,,,,,
General-0-20250310-16:32:25-6414,scalar,SimpleNetwork.client.eth[0].mac,rxPausePkUnits:sum,,,0,,,,,,,,,,
General-0-20250310-16:32:25-6414,attr,SimpleNetwork.client.eth[0].mac,rxPausePkUnits:sum,interpolationmode,none,,,,,,,,,,,
General-0-20250310-16:32:25-6414,attr,SimpleNetwork.client.eth[0].mac,rxPausePkUnits:sum,recordingmode,sum,,,,,,,,,,,
General-0-20250310-16:32:25-6414,attr,SimpleNetwork.client.eth[0].mac,rxPausePkUnits:sum,title,"pause units received, sum",,,,,,,,,,,
General-0-20250310-16:32:25-6414,scalar,SimpleNetwork.client.eth[0].mac,txPausePkUnits:count,,,0,,,,,,,,,,
General-0-20250310-16:32:25-6414,attr,SimpleNetwork.client.eth[0].mac,txPausePkUnits:count,interpolationmode,none,,,,,,,,,,,
General-0-20250310-16:32:25-6414,attr,SimpleNetwork.client.eth[0].mac,txPausePkUnits:count,recordingmode,count,,,,,,,,,,,
General-0-20250310-16:32:25-6414,attr,SimpleNetwork.client.eth[0].mac,txPausePkUnits:count,title,"pause units sent, count",,,,,,,,,,,
General-0-20250310-16:32:25-6414,scalar,SimpleNetwork.client.eth[0].mac,txPausePkUnits:sum,,,0,,,,,,,,,,
General-0-20250310-16:32:25-6414,attr,SimpleNetwork.client.eth[0].mac,txPausePkUnits:sum,interpolationmode,none,,,,,,,,,,,
General-0-20250310-16:32:25-6414,attr,SimpleNetwork.client.eth[0].mac,txPausePkUnits:sum,recordingmode,sum,,,,,,,,,,,
General-0-20250310-16:32:25-6414,attr,SimpleNetwork.client.eth[0].mac,txPausePkUnits:sum,title,"pause units sent, sum",,,,,,,,,,,
General-0-20250310-16:32:25-6414,scalar,SimpleNetwork.client.eth[0].mac,rxPkOk:count,,,1,,,,,,,,,,
General-0-20250310-16:32:25-6414,attr,SimpleNetwork.client.eth[0].mac,rxPkOk:count,interpolationmode,none,,,,,,,,,,,
General-0-20250310-16:32:25-6414,attr,SimpleNetwork.client.eth[0].mac,rxPkOk:count,recordingmode,count,,,,,,,,,,,
General-0-20250310-16:32:25-6414,attr,SimpleNetwork.client.eth[0].mac,rxPkOk:count,source,rxPkOk,,,,,,,,,,,
General-0-20250310-16:32:25-6414,attr,SimpleNetwork.client.eth[0].mac,rxPkOk:count,title,"packets received OK, count",,,,,,,,,,,
General-0-20250310-16:32:25-6414,scalar,SimpleNetwork.client.eth[0].mac,rxPkOk:sum(packetBytes),,,64,,,,,,,,,,
General-0-20250310-16:32:25-6414,attr,SimpleNetwork.client.eth[0].mac,rxPkOk:sum(packetBytes),interpolationmode,none,,,,,,,,,,,
General-0-20250310-16:32:25-6414,attr,SimpleNetwork.client.eth[0].mac,rxPkOk:sum(packetBytes),recordingmode,sum(packetBytes),,,,,,,,,,,
General-0-20250310-16:32:25-6414,attr,SimpleNetwork.client.eth[0].mac,rxPkOk:sum(packetBytes),source,rxPkOk,,,,,,,,,,,
General-0-20250310-16:32:25-6414,attr,SimpleNetwork.client.eth[0].mac,rxPkOk:sum(packetBytes),title,"packets received OK, sum(packetBytes)",,,,,,,,,,,
General-0-20250310-16:32:25-6414,scalar,SimpleNetwork.client.eth[0].mac,txPk:count,,,9,,,,,,,,,,
General-0-20250310-16:32:25-6414,attr,SimpleNetwork.client.eth[0].mac,txPk:count,interpolationmode,none,,,,,,,,,,,
General-0-20250310-16:32:25-6414,attr,SimpleNetwork.client.eth[0].mac,txPk:count,recordingmode,count,,,,,,,,,,,
General-0-20250310-16:32:25-6414,attr,SimpleNetwork.client.eth[0].mac,txPk:count,source,packetSentToLower,,,,,,,,,,,
General-0-20250310-16:32:25-6414,attr,SimpleNetwork.client.eth[0].mac,txPk:count,title,"packets transmitted, count",,,,,,,,,,,
General-0-20250310-16:32:25-6414,scalar,SimpleNetwork.client.eth[0].mac,txPk:sum(packetBytes),,,8624,,,,,,,,,,
General-0-20250310-16:32:25-6414,attr,SimpleNetwork.client.eth[0].mac,txPk:sum(packetBytes),interpolationmode,none,,,,,,,,,,,
General-0-20250310-16:32:25-6414,attr,SimpleNetwork.client.eth[0].mac,txPk:sum(packetBytes),recordingmode,sum(packetBytes),,,,,,,,,,,
General-0-20250310-16:32:25-6414,attr,SimpleNetwork.client.eth[0].mac,txPk:sum(packetBytes),source,packetSentToLower,,,,,,,,,,,
General-0-20250310-16:32:25-6414,attr,SimpleNetwork.client.eth[0].mac,txPk:sum(packetBytes),title,"packets transmitted, sum(packetBytes)",,,,,,,,,,,
General-0-20250310-16:32:25-6414,scalar,SimpleNetwork.client.eth[0].mac,packetReceivedFromUpper:count,,,9,,,,,,,,,,
General-0-20250310-16:32:25-6414,attr,SimpleNetwork.client.eth[0].mac,packetReceivedFromUpper:count,interpolationmode,none,,,,,,,,,,,
General-0-20250310-16:32:25-6414,attr,SimpleNetwork.client.eth[0].mac,packetReceivedFromUpper:count,recordingmode,count,,,,,,,,,,,
General-0-20250310-16:32:25-6414,attr,SimpleNetwork.client.eth[0].mac,packetReceivedFromUpper:count,source,packetReceivedFromUpper,,,,,,,,,,,
General-0-20250310-16:32:25-6414,attr,SimpleNetwork.client.eth[0].mac,packetReceivedFromUpper:count,title,"packet bytes from higher layer, count",,,,,,,,,,,
General-0-20250310-16:32:25-6414,scalar,SimpleNetwork.client.eth[0].mac,packetReceivedFromUpper:sum(packetBytes),,,8606,,,,,,,,,,
General-0-20250310-16:32:25-6414,attr,SimpleNetwork.client.eth[0].mac,packetReceivedFromUpper:sum(packetBytes),interpolationmode,none,,,,,,,,,,,
General-0-20250310-16:32:25-6414,attr,SimpleNetwork.client.eth[0].mac,packetReceivedFromUpper:sum(packetBytes),recordingmode,sum(packetBytes),,,,,,,,,,,
General-0-20250310-16:32:25-6414,attr,SimpleNetwork.client.eth[0].mac,packetReceivedFromUpper:sum(packetBytes),source,packetReceivedFromUpper,,,,,,,,,,,
General-0-20250310-16:32:25-6414,attr,SimpleNetwork.client.eth[0].mac,packetReceivedFromUpper:sum(packetBytes),title,"packet bytes from higher layer, sum(packetBytes)",,,,,,,,,,,
General-0-20250310-16:32:25-6414,scalar,SimpleNetwork.client.eth[0].mac,passedUpPk:count,,,1,,,,,,,,,,
General-0-20250310-16:32:25-6414,attr,SimpleNetwork.client.eth[0].mac,passedUpPk:count,interpolationmode,none,,,,,,,,,,,
General-0-20250310-16:32:25-6414,attr,SimpleNetwork.client.eth[0].mac,passedUpPk:count,recordingmode,count,,,,,,,,,,,
General-0-20250310-16:32:25-6414,attr,SimpleNetwork.client.eth[0].mac,passedUpPk:count,source,packetSentToUpper,,,,,,,,,,,
General-0-20250310-16:32:25-6414,attr,SimpleNetwork.client.eth[0].mac,passedUpPk:count,title,"packets passed to higher layer, count",,,,,,,,,,,
General-0-20250310-16:32:25-6414,scalar,SimpleNetwork.client.eth[0].mac,passedUpPk:sum(packetBytes),,,64,,,,,,,,,,
General-0-20250310-16:32:25-6414,attr,SimpleNetwork.client.eth[0].mac,passedUpPk:sum(packetBytes),interpolationmode,none,,,,,,,,,,,
General-0-20250310-16:32:25-6414,attr,SimpleNetwork.client.eth[0].mac,passedUpPk:sum(packetBytes),recordingmode,sum(packetBytes),,,,,,,,,,,
General-0-20250310-16:32:25-6414,attr,SimpleNetwork.client.eth[0].mac,passedUpPk:sum(packetBytes),source,packetSentToUpper,,,,,,,,,,,
General-0-20250310-16:32:25-6414,attr,SimpleNetwork.client.eth[0].mac,passedUpPk:sum(packetBytes),title,"packets passed to higher layer, sum(packetBytes)",,,,,,,,,,,
General-0-20250310-16:32:25-6414,scalar,SimpleNetwork.client.eth[0].mac,packetDropIncorrectlyReceived:count,,,0,,,,,,,,,,
General-0-20250310-16:32:25-6414,attr,SimpleNetwork.client.eth[0].mac,packetDropIncorrectlyReceived:count,interpolationmode,none,,,,,,,,,,,
General-0-20250310-16:32:25-6414,attr,SimpleNetwork.client.eth[0].mac,packetDropIncorrectlyReceived:count,recordingmode,count,,,,,,,,,,,
General-0-20250310-16:32:25-6414,attr,SimpleNetwork.client.eth[0].mac,packetDropIncorrectlyReceived:count,source,packetDropReasonIsIncorrectlyReceived(packetDropped),,,,,,,,,,,
General-0-20250310-16:32:25-6414,attr,SimpleNetwork.client.eth[0].mac,packetDropIncorrectlyReceived:count,title,"packet drop: incorrectly received, count",,,,,,,,,,,
General-0-20250310-16:32:25-6414,scalar,SimpleNetwork.client.eth[0].mac,packetDropIncorrectlyReceived:sum(packetBytes),,,0,,,,,,,,,,
General-0-20250310-16:32:25-6414,attr,SimpleNetwork.client.eth[0].mac,packetDropIncorrectlyReceived:sum(packetBytes),interpolationmode,none,,,,,,,,,,,
General-0-20250310-16:32:25-6414,attr,SimpleNetwork.client.eth[0].mac,packetDropIncorrectlyReceived:sum(packetBytes),recordingmode,sum(packetBytes),,,,,,,,,,,
General-0-20250310-16:32:25-6414,attr,SimpleNetwork.client.eth[0].mac,packetDropIncorrectlyReceived:sum(packetBytes),source,packetDropReasonIsIncorrectlyReceived(packetDropped),,,,,,,,,,,
General-0-20250310-16:32:25-6414,attr,SimpleNetwork.client.eth[0].mac,packetDropIncorrectlyReceived:sum(packetBytes),title,"packet drop: incorrectly received, sum(packetBytes)",,,,,,,,,,,
General-0-20250310-16:32:25-6414,scalar,SimpleNetwork.client.eth[0].mac,packetDropInterfaceDown:count,,,0,,,,,,,,,,
General-0-20250310-16:32:25-6414,attr,SimpleNetwork.client.eth[0].mac,packetDropInterfaceDown:count,interpolationmode,none,,,,,,,,,,,
General-0-20250310-16:32:25-6414,attr,SimpleNetwork.client.eth[0].mac,packetDropInterfaceDown:count,recordingmode,count,,,,,,,,,,,
General-0-20250310-16:32:25-6414,attr,SimpleNetwork.client.eth[0].mac,packetDropInterfaceDown:count,source,packetDropReasonIsInterfaceDown(packetDropped),,,,,,,,,,,
General-0-20250310-16:32:25-6414,attr,SimpleNetwork.client.eth[0].mac,packetDropInterfaceDown:count,title,"packet drop: interface down, count",,,,,,,,,,,
General-0-20250310-16:32:25-6414,scalar,SimpleNetwork.client.eth[0].mac,packetDropInterfaceDown:sum(packetBytes),,,0,,,,,,,,,,
General-0-20250310-16:32:25-6414,attr,SimpleNetwork.client.eth[0].mac,packetDropInterfaceDown:sum(packetBytes),interpolationmode,none,,,,,,,,,,,
General-0-20250310-16:32:25-6414,attr,SimpleNetwork.client.eth[0].mac,packetDropInterfaceDown:sum(packetBytes),recordingmode,sum(packetBytes),,,,,,,,,,,
General-0-20250310-16:32:25-6414,attr,SimpleNetwork.client.eth[0].mac,packetDropInterfaceDown:sum(packetBytes),source,packetDropReasonIsInterfaceDown(packetDropped),,,,,,,,,,,
General-0-20250310-16:32:25-6414,attr,SimpleNetwork.client.eth[0].mac,packetDropInterfaceDown:sum(packetBytes),title,"packet drop: interface down, sum(packetBytes)",,,,,,,,,,,
General-0-20250310-16:32:25-6414,scalar,SimpleNetwork.client.eth[0].mac,packetDropNotAddressedToUs:count,,,0,,,,,,,,,,
General-0-20250310-16:32:25-6414,attr,SimpleNetwork.client.eth[0].mac,packetDropNotAddressedToUs:count,interpolationmode,none,,,,,,,,,,,
General-0-20250310-16:32:25-6414,attr,SimpleNetwork.client.eth[0].mac,packetDropNotAddressedToUs:count,recordingmode,count,,,,,,,,,,,
General-0-20250310-16:32:25-6414,attr,SimpleNetwork.client.eth[0].mac,packetDropNotAddressedToUs:count,source,packetDropReasonIsNotAddressedToUs(packetDropped),,,,,,,,,,,
General-0-20250310-16:32:25-6414,attr,SimpleNetwork.client.eth[0].mac,packetDropNotAddressedToUs:count,title,"packet drop: not addressed to us, count",,,,,,,,,,,
General-0-20250310-16:32:25-6414,scalar,SimpleNetwork.client.eth[0].mac,packetDropNotAddressedToUs:sum(packetBytes),,,0,,,,,,,,,,
General-0-20250310-16:32:25-6414,attr,SimpleNetwork.client.eth[0].mac,packetDropNotAddressedToUs:sum(packetBytes),interpolationmode,none,,,,,,,,,,,
General-0-20250310-16:32:25-6414,attr,SimpleNetwork.client.eth[0].mac,packetDropNotAddressedToUs:sum(packetBytes),recordingmode,sum(packetBytes),,,,,,,,,,,
General-0-20250310-16:32:25-6414,attr,SimpleNetwork.client.eth[0].mac,packetDropNotAddressedToUs:sum(packetBytes),source,packetDropReasonIsNotAddressedToUs(packetDropped),,,,,,,,,,,
General-0-20250310-16:32:25-6414,attr,SimpleNetwork.client.eth[0].mac,packetDropNotAddressedToUs:sum(packetBytes),title,"packet drop: not addressed to us, sum(packetBytes)",,,,,,,,,,,
General-0-20250310-16:32:25-6414,scalar,SimpleNetwork.client.eth[0],packetDropInterfaceDown:count,,,0,,,,,,,,,,
General-0-20250310-16:32:25-6414,attr,SimpleNetwork.client.eth[0],packetDropInterfaceDown:count,interpolationmode,none,,,,,,,,,,,
General-0-20250310-16:32:25-6414,attr,SimpleNetwork.client.eth[0],packetDropInterfaceDown:count,recordingmode,count,,,,,,,,,,,
General-0-20250310-16:32:25-6414,attr,SimpleNetwork.client.eth[0],packetDropInterfaceDown:count,source,packetDropReasonIsInterfaceDown(packetDropped),,,,,,,,,,,
General-0-20250310-16:32:25-6414,attr,SimpleNetwork.client.eth[0],packetDropInterfaceDown:count,title,"packet drops: interface down, count",,,,,,,,,,,
General-0-20250310-16:32:25-6414,scalar,SimpleNetwork.client.eth[0],packetDropInterfaceDown:sum(packetBytes),,,0,,,,,,,,,,
General-0-20250310-16:32:25-6414,attr,SimpleNetwork.client.eth[0],packetDropInterfaceDown:sum(packetBytes),interpolationmode,none,,,,,,,,,,,
General-0-20250310-16:32:25-6414,attr,SimpleNetwork.client.eth[0],packetDropInterfaceDown:sum(packetBytes),recordingmode,sum(packetBytes),,,,,,,,,,,
General-0-20250310-16:32:25-6414,attr,SimpleNetwork.client.eth[0],packetDropInterfaceDown:sum(packetBytes),source,packetDropReasonIsInterfaceDown(packetDropped),,,,,,,,,,,
General-0-20250310-16:32:25-6414,attr,SimpleNetwork.client.eth[0],packetDropInterfaceDown:sum(packetBytes),title,"packet drops: interface down, sum(packetBytes)",,,,,,,,,,,
General-0-20250310-16:32:25-6414,scalar,SimpleNetwork.client.eth[0],packetDropNoCarrier:count,,,0,,,,,,,,,,
General-0-20250310-16:32:25-6414,attr,SimpleNetwork.client.eth[0],packetDropNoCarrier:count,interpolationmode,none,,,,,,,,,,,
General-0-20250310-16:32:25-6414,attr,SimpleNetwork.client.eth[0],packetDropNoCarrier:count,recordingmode,count,,,,,,,,,,,
General-0-20250310-16:32:25-6414,attr,SimpleNetwork.client.eth[0],packetDropNoCarrier:count,source,packetDropReasonIsNoCarrier(packetDropped),,,,,,,,,,,
General-0-20250310-16:32:25-6414,attr,SimpleNetwork.client.eth[0],packetDropNoCarrier:count,title,"packet drops: no carrier, count",,,,,,,,,,,
General-0-20250310-16:32:25-6414,scalar,SimpleNetwork.client.eth[0],packetDropNoCarrier:sum(packetBytes),,,0,,,,,,,,,,
General-0-20250310-16:32:25-6414,attr,SimpleNetwork.client.eth[0],packetDropNoCarrier:sum(packetBytes),interpolationmode,none,,,,,,,,,,,
General-0-20250310-16:32:25-6414,attr,SimpleNetwork.client.eth[0],packetDropNoCarrier:sum(packetBytes),recordingmode,sum(packetBytes),,,,,,,,,,,
General-0-20250310-16:32:25-6414,attr,SimpleNetwork.client.eth[0],packetDropNoCarrier:sum(packetBytes),source,packetDropReasonIsNoCarrier(packetDropped),,,,,,,,,,,
General-0-20250310-16:32:25-6414,attr,SimpleNetwork.client.eth[0],packetDropNoCarrier:sum(packetBytes),title,"packet drops: no carrier, sum(packetBytes)",,,,,,,,,,,
General-0-20250310-16:32:25-6414,scalar,SimpleNetwork.client.ipv4.ip,packetDropAddressResolutionFailed:count,,,0,,,,,,,,,,
General-0-20250310-16:32:25-6414,attr,SimpleNetwork.client.ipv4.ip,packetDropAddressResolutionFailed:count,interpolationmode,none,,,,,,,,,,,
General-0-20250310-16:32:25-6414,attr,SimpleNetwork.client.ipv4.ip,packetDropAddressResolutionFailed:count,recordingmode,count,,,,,,,,,,,
General-0-20250310-16:32:25-6414,attr,SimpleNetwork.client.ipv4.ip,packetDropAddressResolutionFailed:count,source,packetDropReasonIsAddressResolutionFailed(packetDropped),,,,,,,,,,,
General-0-20250310-16:32:25-6414,attr,SimpleNetwork.client.ipv4.ip,packetDropAddressResolutionFailed:count,title,"packet drop: address resolution failed, count",,,,,,,,,,,
General-0-20250310-16:32:25-6414,scalar,SimpleNetwork.client.ipv4.ip,packetDropAddressResolutionFailed:sum(packetBytes),,,0,,,,,,,,,,
General-0-20250310-16:32:25-6414,attr,SimpleNetwork.client.ipv4.ip,packetDropAddressResolutionFailed:sum(packetBytes),interpolationmode,none,,,,,,,,,,,
General-0-20250310-16:32:25-6414,attr,SimpleNetwork.client.ipv4.ip,packetDropAddressResolutionFailed:sum(packetBytes),recordingmode,sum(packetBytes),,,,,,,,,,,
General-0-20250310-16:32:25-6414,attr,SimpleNetwork.client.ipv4.ip,packetDropAddressResolutionFailed:sum(packetBytes),source,packetDropReasonIsAddressResolutionFailed(packetDropped),,,,,,,,,,,
General-0-20250310-16:32:25-6414,attr,SimpleNetwork.client.ipv4.ip,packetDropAddressResolutionFailed:sum(packetBytes),title,"packet drop: address resolution failed, sum(packetBytes)",,,,,,,,,,,
General-0-20250310-16:32:25-6414,scalar,SimpleNetwork.client.ipv4.ip,packetDropHopLimitReached:count,,,0,,,,,,,,,,
General-0-20250310-16:32:25-6414,attr,SimpleNetwork.client.ipv4.ip,packetDropHopLimitReached:count,interpolationmode,none,,,,,,,,,,,
General-0-20250310-16:32:25-6414,attr,SimpleNetwork.client.ipv4.ip,packetDropHopLimitReached:count,recordingmode,count,,,,,,,,,,,
General-0-20250310-16:32:25-6414,attr,SimpleNetwork.client.ipv4.ip,packetDropHopLimitReached:count,source,packetDropReasonIsHopLimitReached(packetDropped),,,,,,,,,,,
General-0-20250310-16:32:25-6414,attr,SimpleNetwork.client.ipv4.ip,packetDropHopLimitReached:count,title,"packet drop: hop limit reached, count",,,,,,,,,,,
General-0-20250310-16:32:25-6414,scalar,SimpleNetwork.client.ipv4.ip,packetDropHopLimitReached:sum(packetBytes),,,0,,,,,,,,,,
General-0-20250310-16:32:25-6414,attr,SimpleNetwork.client.ipv4.ip,packetDropHopLimitReached:sum(packetBytes),interpolationmode,none,,,,,,,,,,,
General-0-20250310-16:32:25-6414,attr,SimpleNetwork.client.ipv4.ip,packetDropHopLimitReached:sum(packetBytes),recordingmode,sum(packetBytes),,,,,,,,,,,
General-0-20250310-16:32:25-6414,attr,SimpleNetwork.client.ipv4.ip,packetDropHopLimitReached:sum(packetBytes),source,packetDropReasonIsHopLimitReached(packetDropped),,,,,,,,,,,
General-0-20250310-16:32:25-6414,attr,SimpleNetwork.client.ipv4.ip,packetDropHopLimitReached:sum(packetBytes),title,"packet drop: hop limit reached, sum(packetBytes)",,,,,,,,,,,
General-0-20250310-16:32:25-6414,scalar,SimpleNetwork.client.ipv4.ip,packetDropForwardingDisabled:count,,,0,,,,,,,,,,
General-0-20250310-16:32:25-6414,attr,SimpleNetwork.client.ipv4.ip,packetDropForwardingDisabled:count,interpolationmode,none,,,,,,,,,,,
General-0-20250310-16:32:25-6414,attr,SimpleNetwork.client.ipv4.ip,packetDropForwardingDisabled:count,recordingmode,count,,,,,,,,,,,
General-0-20250310-16:32:25-6414,attr,SimpleNetwork.client.ipv4.ip,packetDropForwardingDisabled:count,source,packetDropReasonIsForwardingDisabled(packetDropped),,,,,,,,,,,
General-0-20250310-16:32:25-6414,attr,SimpleNetwork.client.ipv4.ip,packetDropForwardingDisabled:count,title,"packet drop: forwarding disabled, count",,,,,,,,,,,
General-0-20250310-16:32:25-6414,scalar,SimpleNetwork.client.ipv4.ip,packetDropForwardingDisabled:sum(packetBytes),,,0,,,,,,,,,,
General-0-20250310-16:32:25-6414,attr,SimpleNetwork.client.ipv4.ip,packetDropForwardingDisabled:sum(packetBytes),interpolationmode,none,,,,,,,,,,,
General-0-20250310-16:32:25-6414,attr,SimpleNetwork.client.ipv4.ip,packetDropForwardingDisabled:sum(packetBytes),recordingmode,sum(packetBytes),,,,,,,,,,,
General-0-20250310-16:32:25-6414,attr,SimpleNetwork.client.ipv4.ip,packetDropForwardingDisabled:sum(packetBytes),source,packetDropReasonIsForwardingDisabled(packetDropped),,,,,,,,,,,
General-0-20250310-16:32:25-6414,attr,SimpleNetwork.client.ipv4.ip,packetDropForwardingDisabled:sum(packetBytes),title,"packet drop: forwarding disabled, sum(packetBytes)",,,,,,,,,,,
General-0-20250310-16:32:25-6414,scalar,SimpleNetwork.client.ipv4.ip,packetDropNoInterfaceFound:count,,,0,,,,,,,,,,
General-0-20250310-16:32:25-6414,attr,SimpleNetwork.client.ipv4.ip,packetDropNoInterfaceFound:count,interpolationmode,none,,,,,,,,,,,
General-0-20250310-16:32:25-6414,attr,SimpleNetwork.client.ipv4.ip,packetDropNoInterfaceFound:count,recordingmode,count,,,,,,,,,,,
General-0-20250310-16:32:25-6414,attr,SimpleNetwork.client.ipv4.ip,packetDropNoInterfaceFound:count,source,packetDropReasonIsNoInterfaceFound(packetDropped),,,,,,,,,,,
General-0-20250310-16:32:25-6414,attr,SimpleNetwork.client.ipv4.ip,packetDropNoInterfaceFound:count,title,"packet drop: no interface found, count",,,,,,,,,,,
General-0-20250310-16:32:25-6414,scalar,SimpleNetwork.client.ipv4.ip,packetDropNoInterfaceFound:sum(packetBytes),,,0,,,,,,,,,,
General-0-20250310-16:32:25-6414,attr,SimpleNetwork.client.ipv4.ip,packetDropNoInterfaceFound:sum(packetBytes),interpolationmode,none,,,,,,,,,,,
General-0-20250310-16:32:25-6414,attr,SimpleNetwork.client.ipv4.ip,packetDropNoInterfaceFound:sum(packetBytes),recordingmode,sum(packetBytes),,,,,,,,,,,
General-0-20250310-16:32:25-6414,attr,SimpleNetwork.client.ipv4.ip,packetDropNoInterfaceFound:sum(packetBytes),source,packetDropReasonIsNoInterfaceFound(packetDropped),,,,,,,,,,,
General-0-20250310-16:32:25-6414,attr,SimpleNetwork.client.ipv4.ip,packetDropNoInterfaceFound:sum(packetBytes),title,"packet drop: no interface found, sum(packetBytes)",,,,,,,,,,,
General-0-20250310-16:32:25-6414,scalar,SimpleNetwork.client.ipv4.ip,packetDropNoRouteFound:count,,,0,,,,,,,,,,
General-0-20250310-16:32:25-6414,attr,SimpleNetwork.client.ipv4.ip,packetDropNoRouteFound:count,interpolationmode,none,,,,,,,,,,,
General-0-20250310-16:32:25-6414,attr,SimpleNetwork.client.ipv4.ip,packetDropNoRouteFound:count,recordingmode,count,,,,,,,,,,,
General-0-20250310-16:32:25-6414,attr,SimpleNetwork.client.ipv4.ip,packetDropNoRouteFound:count,source,packetDropReasonIsNoRouteFound(packetDropped),,,,,,,,,,,
General-0-20250310-16:32:25-6414,attr,SimpleNetwork.client.ipv4.ip,packetDropNoRouteFound:count,title,"packet drop: no route found, count",,,,,,,,,,,
General-0-20250310-16:32:25-6414,scalar,SimpleNetwork.client.ipv4.ip,packetDropNoRouteFound:sum(packetBytes),,,0,,,,,,,,,,
General-0-20250310-16:32:25-6414,attr,SimpleNetwork.client.ipv4.ip,packetDropNoRouteFound:sum(packetBytes),interpolationmode,none,,,,,,,,,,,
General-0-20250310-16:32:25-6414,attr,SimpleNetwork.client.ipv4.ip,packetDropNoRouteFound:sum(packetBytes),recordingmode,sum(packetBytes),,,,,,,,,,,
General-0-20250310-16:32:25-6414,attr,SimpleNetwork.client.ipv4.ip,packetDropNoRouteFound:sum(packetBytes),source,packetDropReasonIsNoRouteFound(packetDropped),,,,,,,,,,,
General-0-20250310-16:32:25-6414,attr,SimpleNetwork.client.ipv4.ip,packetDropNoRouteFound:sum(packetBytes),title,"packet drop: no route found, sum(packetBytes)",,,,,,,,,,,
General-0-20250310-16:32:25-6414,scalar,SimpleNetwork.client.ipv4.ip,packetDropUndefined:count,,,0,,,,,,,,,,
General-0-20250310-16:32:25-6414,attr,SimpleNetwork.client.ipv4.ip,packetDropUndefined:count,interpolationmode,none,,,,,,,,,,,
General-0-20250310-16:32:25-6414,attr,SimpleNetwork.client.ipv4.ip,packetDropUndefined:count,recordingmode,count,,,,,,,,,,,
General-0-20250310-16:32:25-6414,attr,SimpleNetwork.client.ipv4.ip,packetDropUndefined:count,source,packetDropReasonIsUndefined(packetDropped),,,,,,,,,,,
General-0-20250310-16:32:25-6414,attr,SimpleNetwork.client.ipv4.ip,packetDropUndefined:count,title,"packet drop: undefined, count",,,,,,,,,,,
General-0-20250310-16:32:25-6414,scalar,SimpleNetwork.client.ipv4.ip,packetDropUndefined:sum(packetBytes),,,0,,,,,,,,,,
General-0-20250310-16:32:25-6414,attr,SimpleNetwork.client.ipv4.ip,packetDropUndefined:sum(packetBytes),interpolationmode,none,,,,,,,,,,,
General-0-20250310-16:32:25-6414,attr,SimpleNetwork.client.ipv4.ip,packetDropUndefined:sum(packetBytes),recordingmode,sum(packetBytes),,,,,,,,,,,
General-0-20250310-16:32:25-6414,attr,SimpleNetwork.client.ipv4.ip,packetDropUndefined:sum(packetBytes),source,packetDropReasonIsUndefined(packetDropped),,,,,,,,,,,
General-0-20250310-16:32:25-6414,attr,SimpleNetwork.client.ipv4.ip,packetDropUndefined:sum(packetBytes),title,"packet drop: undefined, sum(packetBytes)",,,,,,,,,,,
General-0-20250310-16:32:25-6414,scalar,SimpleNetwork.client.ipv4.arp,arpResolutionFailed:count,,,0,,,,,,,,,,
General-0-20250310-16:32:25-6414,attr,SimpleNetwork.client.ipv4.arp,arpResolutionFailed:count,recordingmode,count,,,,,,,,,,,
General-0-20250310-16:32:25-6414,attr,SimpleNetwork.client.ipv4.arp,arpResolutionFailed:count,title,"ARP failed resolutions, count",,,,,,,,,,,
General-0-20250310-16:32:25-6414,scalar,SimpleNetwork.client.ipv4.arp,arpResolutionCompleted:count,,,1,,,,,,,,,,
General-0-20250310-16:32:25-6414,attr,SimpleNetwork.client.ipv4.arp,arpResolutionCompleted:count,recordingmode,count,,,,,,,,,,,
General-0-20250310-16:32:25-6414,attr,SimpleNetwork.client.ipv4.arp,arpResolutionCompleted:count,title,"ARP completed resolutions, count",,,,,,,,,,,
General-0-20250310-16:32:25-6414,scalar,SimpleNetwork.client.ipv4.arp,arpResolutionInitiated:count,,,1,,,,,,,,,,
General-0-20250310-16:32:25-6414,attr,SimpleNetwork.client.ipv4.arp,arpResolutionInitiated:count,recordingmode,count,,,,,,,,,,,
General-0-20250310-16:32:25-6414,attr,SimpleNetwork.client.ipv4.arp,arpResolutionInitiated:count,title,"ARP initiated resolutions, count",,,,,,,,,,,
General-0-20250310-16:32:25-6414,scalar,SimpleNetwork.client.ipv4.arp,arpReplySent:count,,,0,,,,,,,,,,
General-0-20250310-16:32:25-6414,attr,SimpleNetwork.client.ipv4.arp,arpReplySent:count,recordingmode,count,,,,,,,,,,,
General-0-20250310-16:32:25-6414,attr,SimpleNetwork.client.ipv4.arp,arpReplySent:count,source,arpReplySent,,,,,,,,,,,
General-0-20250310-16:32:25-6414,attr,SimpleNetwork.client.ipv4.arp,arpReplySent:count,title,"ARP replies sent, count",,,,,,,,,,,
General-0-20250310-16:32:25-6414,scalar,SimpleNetwork.client.ipv4.arp,arpReplySent:sum(packetBytes),,,0,,,,,,,,,,
General-0-20250310-16:32:25-6414,attr,SimpleNetwork.client.ipv4.arp,arpReplySent:sum(packetBytes),recordingmode,sum(packetBytes),,,,,,,,,,,
General-0-20250310-16:32:25-6414,attr,SimpleNetwork.client.ipv4.arp,arpReplySent:sum(packetBytes),source,arpReplySent,,,,,,,,,,,
General-0-20250310-16:32:25-6414,attr,SimpleNetwork.client.ipv4.arp,arpReplySent:sum(packetBytes),title,"ARP replies sent, sum(packetBytes)",,,,,,,,,,,
General-0-20250310-16:32:25-6414,scalar,SimpleNetwork.client.ipv4.arp,arpRequestSent:count,,,1,,,,,,,,,,
General-0-20250310-16:32:25-6414,attr,SimpleNetwork.client.ipv4.arp,arpRequestSent:count,recordingmode,count,,,,,,,,,,,
General-0-20250310-16:32:25-6414,attr,SimpleNetwork.client.ipv4.arp,arpRequestSent:count,source,arpRequestSent,,,,,,,,,,,
General-0-20250310-16:32:25-6414,attr,SimpleNetwork.client.ipv4.arp,arpRequestSent:count,title,"ARP request sent, count",,,,,,,,,,,
General-0-20250310-16:32:25-6414,scalar,SimpleNetwork.client.ipv4.arp,arpRequestSent:sum(packetBytes),,,28,,,,,,,,,,
General-0-20250310-16:32:25-6414,attr,SimpleNetwork.client.ipv4.arp,arpRequestSent:sum(packetBytes),recordingmode,sum(packetBytes),,,,,,,,,,,
General-0-20250310-16:32:25-6414,attr,SimpleNetwork.client.ipv4.arp,arpRequestSent:sum(packetBytes),source,arpRequestSent,,,,,,,,,,,
General-0-20250310-16:32:25-6414,attr,SimpleNetwork.client.ipv4.arp,arpRequestSent:sum(packetBytes),title,"ARP request sent, sum(packetBytes)",,,,,,,,,,,
General-0-20250310-16:32:25-6414,scalar,SimpleNetwork.client.udp,packetReceived:count,,,0,,,,,,,,,,
General-0-20250310-16:32:25-6414,attr,SimpleNetwork.client.udp,packetReceived:count,interpolationmode,none,,,,,,,,,,,
General-0-20250310-16:32:25-6414,attr,SimpleNetwork.client.udp,packetReceived:count,recordingmode,count,,,,,,,,,,,
General-0-20250310-16:32:25-6414,attr,SimpleNetwork.client.udp,packetReceived:count,source,packetReceived,,,,,,,,,,,
General-0-20250310-16:32:25-6414,attr,SimpleNetwork.client.udp,packetReceived:count,title,"packets received, count",,,,,,,,,,,
General-0-20250310-16:32:25-6414,scalar,SimpleNetwork.client.udp,packetReceived:sum(packetBytes),,,0,,,,,,,,,,
General-0-20250310-16:32:25-6414,attr,SimpleNetwork.client.udp,packetReceived:sum(packetBytes),interpolationmode,none,,,,,,,,,,,
General-0-20250310-16:32:25-6414,attr,SimpleNetwork.client.udp,packetReceived:sum(packetBytes),recordingmode,sum(packetBytes),,,,,,,,,,,
General-0-20250310-16:32:25-6414,attr,SimpleNetwork.client.udp,packetReceived:sum(packetBytes),source,packetReceived,,,,,,,,,,,
General-0-20250310-16:32:25-6414,attr,SimpleNetwork.client.udp,packetReceived:sum(packetBytes),title,"packets received, sum(packetBytes)",,,,,,,,,,,
General-0-20250310-16:32:25-6414,scalar,SimpleNetwork.client.udp,packetSent:count,,,8,,,,,,,,,,
General-0-20250310-16:32:25-6414,attr,SimpleNetwork.client.udp,packetSent:count,interpolationmode,none,,,,,,,,,,,
General-0-20250310-16:32:25-6414,attr,SimpleNetwork.client.udp,packetSent:count,recordingmode,count,,,,,,,,,,,
General-0-20250310-16:32:25-6414,attr,SimpleNetwork.client.udp,packetSent:count,source,packetSent,,,,,,,,,,,
General-0-20250310-16:32:25-6414,attr,SimpleNetwork.client.udp,packetSent:count,title,"packets sent, count",,,,,,,,,,,
General-0-20250310-16:32:25-6414,scalar,SimpleNetwork.client.udp,packetSent:sum(packetBytes),,,8256,,,,,,,,,,
General-0-20250310-16:32:25-6414,attr,SimpleNetwork.client.udp,packetSent:sum(packetBytes),interpolationmode,none,,,,,,,,,,,
General-0-20250310-16:32:25-6414,attr,SimpleNetwork.client.udp,packetSent:sum(packetBytes),recordingmode,sum(packetBytes),,,,,,,,,,,
General-0-20250310-16:32:25-6414,attr,SimpleNetwork.client.udp,packetSent:sum(packetBytes),source,packetSent,,,,,,,,,,,
General-0-20250310-16:32:25-6414,attr,SimpleNetwork.client.udp,packetSent:sum(packetBytes),title,"packets sent, sum(packetBytes)",,,,,,,,,,,
General-0-20250310-16:32:25-6414,scalar,SimpleNetwork.client.udp,passedUpPk:count,,,0,,,,,,,,,,
General-0-20250310-16:32:25-6414,attr,SimpleNetwork.client.udp,passedUpPk:count,interpolationmode,none,,,,,,,,,,,
General-0-20250310-16:32:25-6414,attr,SimpleNetwork.client.udp,passedUpPk:count,recordingmode,count,,,,,,,,,,,
General-0-20250310-16:32:25-6414,attr,SimpleNetwork.client.udp,passedUpPk:count,source,packetSentToUpper,,,,,,,,,,,
General-0-20250310-16:32:25-6414,attr,SimpleNetwork.client.udp,passedUpPk:count,title,"packets passed up, count",,,,,,,,,,,
General-0-20250310-16:32:25-6414,scalar,SimpleNetwork.client.udp,droppedPkWrongPort:count,,,0,,,,,,,,,,
General-0-20250310-16:32:25-6414,attr,SimpleNetwork.client.udp,droppedPkWrongPort:count,interpolationmode,none,,,,,,,,,,,
General-0-20250310-16:32:25-6414,attr,SimpleNetwork.client.udp,droppedPkWrongPort:count,recordingmode,count,,,,,,,,,,,
General-0-20250310-16:32:25-6414,attr,SimpleNetwork.client.udp,droppedPkWrongPort:count,source,packetDropReasonIsNoPortFound(packetDropped),,,,,,,,,,,
General-0-20250310-16:32:25-6414,attr,SimpleNetwork.client.udp,droppedPkWrongPort:count,title,"packets dropped (wrong port), count",,,,,,,,,,,
General-0-20250310-16:32:25-6414,scalar,SimpleNetwork.client.udp,droppedPkBadChecksum:count,,,0,,,,,,,,,,
General-0-20250310-16:32:25-6414,attr,SimpleNetwork.client.udp,droppedPkBadChecksum:count,interpolationmode,none,,,,,,,,,,,
General-0-20250310-16:32:25-6414,attr,SimpleNetwork.client.udp,droppedPkBadChecksum:count,recordingmode,count,,,,,,,,,,,
General-0-20250310-16:32:25-6414,attr,SimpleNetwork.client.udp,droppedPkBadChecksum:count,source,packetDropReasonIsIncorrectlyReceived(packetDropped),,,,,,,,,,,
General-0-20250310-16:32:25-6414,attr,SimpleNetwork.client.udp,droppedPkBadChecksum:count,title,"packets dropped (checksum error), count",,,,,,,,,,,
General-0-20250310-16:32:25-6414,scalar,SimpleNetwork.client.app[0],packets sent,,,8,,,,,,,,,,
General-0-20250310-16:32:25-6414,scalar,SimpleNetwork.client.app[0],packets received,,,0,,,,,,,,,,
General-0-20250310-16:32:25-6414,scalar,SimpleNetwork.client.app[0],packetReceived:count,,,0,,,,,,,,,,
General-0-20250310-16:32:25-6414,attr,SimpleNetwork.client.app[0],packetReceived:count,interpolationmode,none,,,,,,,,,,,
General-0-20250310-16:32:25-6414,attr,SimpleNetwork.client.app[0],packetReceived:count,recordingmode,count,,,,,,,,,,,
General-0-20250310-16:32:25-6414,attr,SimpleNetwork.client.app[0],packetReceived:count,source,packetReceived,,,,,,,,,,,
General-0-20250310-16:32:25-6414,attr,SimpleNetwork.client.app[0],packetReceived:count,title,"packets received, count",,,,,,,,,,,
General-0-20250310-16:32:25-6414,scalar,SimpleNetwork.client.app[0],packetReceived:sum(packetBytes),,,0,,,,,,,,,,
General-0-20250310-16:32:25-6414,attr,SimpleNetwork.client.app[0],packetReceived:sum(packetBytes),interpolationmode,none,,,,,,,,,,,
General-0-20250310-16:32:25-6414,attr,SimpleNetwork.client.app[0],packetReceived:sum(packetBytes),recordingmode,sum(packetBytes),,,,,,,,,,,
General-0-20250310-16:32:25-6414,attr,SimpleNetwork.client.app[0],packetReceived:sum(packetBytes),source,packetReceived,,,,,,,,,,,
General-0-20250310-16:32:25-6414,attr,SimpleNetwork.client.app[0],packetReceived:sum(packetBytes),title,"packets received, sum(packetBytes)",,,,,,,,,,,
General-0-20250310-16:32:25-6414,scalar,SimpleNetwork.client.app[0],packetSent:count,,,8,,,,,,,,,,
General-0-20250310-16:32:25-6414,attr,SimpleNetwork.client.app[0],packetSent:count,interpolationmode,none,,,,,,,,,,,
General-0-20250310-16:32:25-6414,attr,SimpleNetwork.client.app[0],packetSent:count,recordingmode,count,,,,,,,,,,,
General-0-20250310-16:32:25-6414,attr,SimpleNetwork.client.app[0],packetSent:count,source,packetSent,,,,,,,,,,,
General-0-20250310-16:32:25-6414,attr,SimpleNetwork.client.app[0],packetSent:count,title,"packets sent, count",,,,,,,,,,,
General-0-20250310-16:32:25-6414,scalar,SimpleNetwork.client.app[0],packetSent:sum(packetBytes),,,8192,,,,,,,,,,
General-0-20250310-16:32:25-6414,attr,SimpleNetwork.client.app[0],packetSent:sum(packetBytes),interpolationmode,none,,,,,,,,,,,
General-0-20250310-16:32:25-6414,attr,SimpleNetwork.client.app[0],packetSent:sum(packetBytes),recordingmode,sum(packetBytes),,,,,,,,,,,
General-0-20250310-16:32:25-6414,attr,SimpleNetwork.client.app[0],packetSent:sum(packetBytes),source,packetSent,,,,,,,,,,,
General-0-20250310-16:32:25-6414,attr,SimpleNetwork.client.app[0],packetSent:sum(packetBytes),title,"packets sent, sum(packetBytes)",,,,,,,,,,,
General-0-20250310-16:32:25-6414,param,SimpleNetwork.client.ethg$o[0].channel,typename,,,"""inet.node.ethernet.Eth10M""",,,,,,,,,,
General-0-20250310-16:32:25-6414,param,SimpleNetwork.client.ethg$o[0].channel,disabled,,,false,,,,,,,,,,
General-0-20250310-16:32:25-6414,attr,SimpleNetwork.client.ethg$o[0].channel,disabled,mutable,,,,,,,,,,,,
General-0-20250310-16:32:25-6414,param,SimpleNetwork.client.ethg$o[0].channel,delay,,,5e-08s,,,,,,,,,,
General-0-20250310-16:32:25-6414,attr,SimpleNetwork.client.ethg$o[0].channel,delay,mutable,,,,,,,,,,,,
General-0-20250310-16:32:25-6414,attr,SimpleNetwork.client.ethg$o[0].channel,delay,unit,s,,,,,,,,,,,
General-0-20250310-16:32:25-6414,param,SimpleNetwork.client.ethg$o[0].channel,datarate,,,1e+07bps,,,,,,,,,,
General-0-20250310-16:32:25-6414,attr,SimpleNetwork.client.ethg$o[0].channel,datarate,mutable,,,,,,,,,,,,
General-0-20250310-16:32:25-6414,attr,SimpleNetwork.client.ethg$o[0].channel,datarate,unit,bps,,,,,,,,,,,
General-0-20250310-16:32:25-6414,param,SimpleNetwork.client.ethg$o[0].channel,ber,,,0,,,,,,,,,,
General-0-20250310-16:32:25-6414,attr,SimpleNetwork.client.ethg$o[0].channel,ber,mutable,,,,,,,,,,,,
General-0-20250310-16:32:25-6414,param,SimpleNetwork.client.ethg$o[0].channel,per,,,0,,,,,,,,,,
General-0-20250310-16:32:25-6414,attr,SimpleNetwork.client.ethg$o[0].channel,per,mutable,,,,,,,,,,,,
General-0-20250310-16:32:25-6414,param,SimpleNetwork.client.ethg$o[0].channel,length,,,10m,,,,,,,,,,
General-0-20250310-16:32:25-6414,attr,SimpleNetwork.client.ethg$o[0].channel,length,unit,m,,,,,,,,,,,
General-0-20250310-16:32:25-6414,param,SimpleNetwork.router.ethg$o[0].channel,typename,,,"""inet.node.ethernet.Eth10M""",,,,,,,,,,
General-0-20250310-16:32:25-6414,param,SimpleNetwork.router.ethg$o[0].channel,disabled,,,false,,,,,,,,,,
General-0-20250310-16:32:25-6414,attr,SimpleNetwork.router.ethg$o[0].channel,disabled,mutable,,,,,,,,,,,,
General-0-20250310-16:32:25-6414,param,SimpleNetwork.router.ethg$o[0].channel,delay,,,5e-08s,,,,,,,,,,
General-0-20250310-16:32:25-6414,attr,SimpleNetwork.router.ethg$o[0].channel,delay,mutable,,,,,,,,,,,,
General-0-20250310-16:32:25-6414,attr,SimpleNetwork.router.ethg$o[0].channel,delay,unit,s,,,,,,,,,,,
General-0-20250310-16:32:25-6414,param,SimpleNetwork.router.ethg$o[0].channel,datarate,,,1e+07bps,,,,,,,,,,
General-0-20250310-16:32:25-6414,attr,SimpleNetwork.router.ethg$o[0].channel,datarate,mutable,,,,,,,,,,,,
General-0-20250310-16:32:25-6414,attr,SimpleNetwork.router.ethg$o[0].channel,datarate,unit,bps,,,,,,,,,,,
General-0-20250310-16:32:25-6414,param,SimpleNetwork.router.ethg$o[0].channel,ber,,,0,,,,,,,,,,
General-0-20250310-16:32:25-6414,attr,SimpleNetwork.router.ethg$o[0].channel,ber,mutable,,,,,,,,,,,,
General-0-20250310-16:32:25-6414,param,SimpleNetwork.router.ethg$o[0].channel,per,,,0,,,,,,,,,,
General-0-20250310-16:32:25-6414,attr,SimpleNetwork.router.ethg$o[0].channel,per,mutable,,,,,,,,,,,,
General-0-20250310-16:32:25-6414,param,SimpleNetwork.router.ethg$o[0].channel,length,,,10m,,,,,,,,,,
General-0-20250310-16:32:25-6414,attr,SimpleNetwork.router.ethg$o[0].channel,length,unit,m,,,,,,,,,,,
General-0-20250310-16:32:25-6414,param,SimpleNetwork.server.ethg$o[0].channel,typename,,,"""inet.node.ethernet.Eth10M""",,,,,,,,,,
General-0-20250310-16:32:25-6414,param,SimpleNetwork.server.ethg$o[0].channel,disabled,,,false,,,,,,,,,,
General-0-20250310-16:32:25-6414,attr,SimpleNetwork.server.ethg$o[0].channel,disabled,mutable,,,,,,,,,,,,
General-0-20250310-16:32:25-6414,param,SimpleNetwork.server.ethg$o[0].channel,delay,,,5e-08s,,,,,,,,,,
General-0-20250310-16:32:25-6414,attr,SimpleNetwork.server.ethg$o[0].channel,delay,mutable,,,,,,,,,,,,
General-0-20250310-16:32:25-6414,attr,SimpleNetwork.server.ethg$o[0].channel,delay,unit,s,,,,,,,,,,,
General-0-20250310-16:32:25-6414,param,SimpleNetwork.server.ethg$o[0].channel,datarate,,,1e+07bps,,,,,,,,,,
General-0-20250310-16:32:25-6414,attr,SimpleNetwork.server.ethg$o[0].channel,datarate,mutable,,,,,,,,,,,,
General-0-20250310-16:32:25-6414,attr,SimpleNetwork.server.ethg$o[0].channel,datarate,unit,bps,,,,,,,,,,,
General-0-20250310-16:32:25-6414,param,SimpleNetwork.server.ethg$o[0].channel,ber,,,0,,,,,,,,,,
General-0-20250310-16:32:25-6414,attr,SimpleNetwork.server.ethg$o[0].channel,ber,mutable,,,,,,,,,,,,
General-0-20250310-16:32:25-6414,param,SimpleNetwork.server.ethg$o[0].channel,per,,,0,,,,,,,,,,
General-0-20250310-16:32:25-6414,attr,SimpleNetwork.server.ethg$o[0].channel,per,mutable,,,,,,,,,,,,
General-0-20250310-16:32:25-6414,param,SimpleNetwork.server.ethg$o[0].channel,length,,,10m,,,,,,,,,,
General-0-20250310-16:32:25-6414,attr,SimpleNetwork.server.ethg$o[0].channel,length,unit,m,,,,,,,,,,,
General-0-20250310-16:32:25-6414,param,SimpleNetwork.router.ethg$o[1].channel,typename,,,"""inet.node.ethernet.Eth10M""",,,,,,,,,,
General-0-20250310-16:32:25-6414,param,SimpleNetwork.router.ethg$o[1].channel,disabled,,,false,,,,,,,,,,
General-0-20250310-16:32:25-6414,attr,SimpleNetwork.router.ethg$o[1].channel,disabled,mutable,,,,,,,,,,,,
General-0-20250310-16:32:25-6414,param,SimpleNetwork.router.ethg$o[1].channel,delay,,,5e-08s,,,,,,,,,,
General-0-20250310-16:32:25-6414,attr,SimpleNetwork.router.ethg$o[1].channel,delay,mutable,,,,,,,,,,,,
General-0-20250310-16:32:25-6414,attr,SimpleNetwork.router.ethg$o[1].channel,delay,unit,s,,,,,,,,,,,
General-0-20250310-16:32:25-6414,param,SimpleNetwork.router.ethg$o[1].channel,datarate,,,1e+07bps,,,,,,,,,,
General-0-20250310-16:32:25-6414,attr,SimpleNetwork.router.ethg$o[1].channel,datarate,mutable,,,,,,,,,,,,
General-0-20250310-16:32:25-6414,attr,SimpleNetwork.router.ethg$o[1].channel,datarate,unit,bps,,,,,,,,,,,
General-0-20250310-16:32:25-6414,param,SimpleNetwork.router.ethg$o[1].channel,ber,,,0,,,,,,,,,,
General-0-20250310-16:32:25-6414,attr,SimpleNetwork.router.ethg$o[1].channel,ber,mutable,,,,,,,,,,,,
General-0-20250310-16:32:25-6414,param,SimpleNetwork.router.ethg$o[1].channel,per,,,0,,,,,,,,,,
General-0-20250310-16:32:25-6414,attr,SimpleNetwork.router.ethg$o[1].channel,per,mutable,,,,,,,,,,,,
General-0-20250310-16:32:25-6414,param,SimpleNetwork.router.ethg$o[1].channel,length,,,10m,,,,,,,,,,
General-0-20250310-16:32:25-6414,attr,SimpleNetwork.router.ethg$o[1].channel,length,unit,m,,,,,,,,,,,
General-0-20250310-16:32:25-6414,param,SimpleNetwork.configurator,typename,,,"""inet.networklayer.configurator.ipv4.Ipv4NetworkConfigurator""",,,,,,,,,,
General-0-20250310-16:32:25-6414,param,SimpleNetwork.configurator,minLinkWeight,,,0.001,,,,,,,,,,
General-0-20250310-16:32:25-6414,param,SimpleNetwork.configurator,configureIsolatedNetworksSeparatly,,,false,,,,,,,,,,
General-0-20250310-16:32:25-6414,param,SimpleNetwork.configurator,config,,,<config>...</config> at content:1,,,,,,,,,,
General-0-20250310-16:32:25-6414,param,SimpleNetwork.configurator,assignAddresses,,,true,,,,,,,,,,
General-0-20250310-16:32:25-6414,param,SimpleNetwork.configurator,assignUniqueAddresses,,,true,,,,,,,,,,
General-0-20250310-16:32:25-6414,param,SimpleNetwork.configurator,assignDisjunctSubnetAddresses,,,true,,,,,,,,,,
General-0-20250310-16:32:25-6414,param,SimpleNetwork.configurator,addStaticRoutes,,,true,,,,,,,,,,
General-0-20250310-16:32:25-6414,param,SimpleNetwork.configurator,addDefaultRoutes,,,true,,,,,,,,,,
General-0-20250310-16:32:25-6414,param,SimpleNetwork.configurator,addSubnetRoutes,,,true,,,,,,,,,,
General-0-20250310-16:32:25-6414,param,SimpleNetwork.configurator,addDirectRoutes,,,true,,,,,,,,,,
General-0-20250310-16:32:25-6414,param,SimpleNetwork.configurator,optimizeRoutes,,,true,,,,,,,,,,
General-0-20250310-16:32:25-6414,param,SimpleNetwork.configurator,dumpTopology,,,false,,,,,,,,,,
General-0-20250310-16:32:25-6414,param,SimpleNetwork.configurator,dumpLinks,,,false,,,,,,,,,,
General-0-20250310-16:32:25-6414,param,SimpleNetwork.configurator,dumpAddresses,,,false,,,,,,,,,,
General-0-20250310-16:32:25-6414,param,SimpleNetwork.configurator,dumpRoutes,,,false,,,,,,,,,,
General-0-20250310-16:32:25-6414,param,SimpleNetwork.configurator,dumpConfig,,,"""""",,,,,,,,,,
General-0-20250310-16:32:25-6414,param,SimpleNetwork.router.ethg$i[0].channel,typename,,,"""ned.IdealChannel""",,,,,,,,,,
General-0-20250310-16:32:25-6414,param,SimpleNetwork.router.eth[0].phys$o.channel,typename,,,"""ned.IdealChannel""",,,,,,,,,,
General-0-20250310-16:32:25-6414,param,SimpleNetwork.router.ethg$i[1].channel,typename,,,"""ned.IdealChannel""",,,,,,,,,,
General-0-20250310-16:32:25-6414,param,SimpleNetwork.router.eth[1].phys$o.channel,typename,,,"""ned.IdealChannel""",,,,,,,,,,
General-0-20250310-16:32:25-6414,param,SimpleNetwork.router.interfaceTable,typename,,,"""inet.networklayer.common.InterfaceTable""",,,,,,,,,,
General-0-20250310-16:32:25-6414,param,SimpleNetwork.router.interfaceTable,displayAddresses,,,false,,,,,,,,,,
General-0-20250310-16:32:25-6414,param,SimpleNetwork.router.cb,typename,,,"""inet.common.MessageDispatcher""",,,,,,,,,,
General-0-20250310-16:32:25-6414,param,SimpleNetwork.router.cb,displayStringTextFormat,,,"""processed %p pk (%l)""",,,,,,,,,,
General-0-20250310-16:32:25-6414,param,SimpleNetwork.router.cb,forwardServiceRegistration,,,true,,,,,,,,,,
General-0-20250310-16:32:25-6414,param,SimpleNetwork.router.cb,forwardProtocolRegistration,,,true,,,,,,,,,,
General-0-20250310-16:32:25-6414,param,SimpleNetwork.router.bl,typename,,,"""inet.common.MessageDispatcher""",,,,,,,,,,
General-0-20250310-16:32:25-6414,param,SimpleNetwork.router.bl,displayStringTextFormat,,,"""processed %p pk (%l)""",,,,,,,,,,
General-0-20250310-16:32:25-6414,param,SimpleNetwork.router.bl,forwardServiceRegistration,,,true,,,,,,,,,,
General-0-20250310-16:32:25-6414,param,SimpleNetwork.router.bl,forwardProtocolRegistration,,,true,,,,,,,,,,
General-0-20250310-16:32:25-6414,param,SimpleNetwork.router.ethernet,typename,,,"""inet.linklayer.ethernet.basic.EthernetEncapsulation""",,,,,,,,,,
General-0-20250310-16:32:25-6414,param,SimpleNetwork.router.ethernet,registerProtocol,,,true,,,,,,,,,,
General-0-20250310-16:32:25-6414,param,SimpleNetwork.router.ethernet,interfaceTableModule,,,"""SimpleNetwork.router.interfaceTable""",,,,,,,,,,
General-0-20250310-16:32:25-6414,param,SimpleNetwork.router.ethernet,fcsMode,,,"""declared""",,,,,,,,,,
General-0-20250310-16:32:25-6414,attr,SimpleNetwork.router.ethernet,fcsMode,enum,"declared,computed",,,,,,,,,,,
General-0-20250310-16:32:25-6414,param,SimpleNetwork.router.ethernet,stopOperationExtraTime,,,-1s,,,,,,,,,,
General-0-20250310-16:32:25-6414,attr,SimpleNetwork.router.ethernet,stopOperationExtraTime,unit,s,,,,,,,,,,,
General-0-20250310-16:32:25-6414,param,SimpleNetwork.router.ethernet,stopOperationTimeout,,,2s,,,,,,,,,,
General-0-20250310-16:32:25-6414,attr,SimpleNetwork.router.ethernet,stopOperationTimeout,unit,s,,,,,,,,,,,
General-0-20250310-16:32:25-6414,param,SimpleNetwork.router.li,typename,,,"""inet.common.MessageDispatcher""",,,,,,,,,,
General-0-20250310-16:32:25-6414,param,SimpleNetwork.router.li,displayStringTextFormat,,,"""processed %p pk (%l)""",,,,,,,,,,
General-0-20250310-16:32:25-6414,param,SimpleNetwork.router.li,forwardServiceRegistration,,,true,,,,,,,,,,
General-0-20250310-16:32:25-6414,param,SimpleNetwork.router.li,forwardProtocolRegistration,,,true,,,,,,,,,,
General-0-20250310-16:32:25-6414,param,SimpleNetwork.router.lo[0].upperLayerIn.channel,typename,,,"""ned.IdealChannel""",,,,,,,,,,
General-0-20250310-16:32:25-6414,param,SimpleNetwork.router.lo[0].lo.upperLayerOut.channel,typename,,,"""ned.IdealChannel""",,,,,,,,,,
General-0-20250310-16:32:25-6414,param,SimpleNetwork.router.lo[0].lo,typename,,,"""inet.linklayer.loopback.Loopback""",,,,,,,,,,
General-0-20250310-16:32:25-6414,param,SimpleNetwork.router.lo[0].lo,interfaceTableModule,,,"""SimpleNetwork.router.interfaceTable""",,,,,,,,,,
General-0-20250310-16:32:25-6414,param,SimpleNetwork.router.lo[0].lo,mtu,,,4470B,,,,,,,,,,
General-0-20250310-16:32:25-6414,attr,SimpleNetwork.router.lo[0].lo,mtu,unit,B,,,,,,,,,,,
General-0-20250310-16:32:25-6414,param,SimpleNetwork.router.lo[0],typename,,,"""inet.linklayer.loopback.LoopbackInterface""",,,,,,,,,,
General-0-20250310-16:32:25-6414,param,SimpleNetwork.router.lo[0],displayStringTextFormat,,,"""%a (%i)\n%m""",,,,,,,,,,
General-0-20250310-16:32:25-6414,param,SimpleNetwork.router.lo[0],recordPcap,,,false,,,,,,,,,,
General-0-20250310-16:32:25-6414,param,SimpleNetwork.router.lo[0],numPcapRecorders,,,0,,,,,,,,,,
General-0-20250310-16:32:25-6414,param,SimpleNetwork.router.lo[0],interfaceTableModule,,,"""SimpleNetwork.router.interfaceTable""",,,,,,,,,,
General-0-20250310-16:32:25-6414,param,SimpleNetwork.router.eth[0].mac.phys$o.channel,typename,,,"""ned.IdealChannel""",,,,,,,,,,
General-0-20250310-16:32:25-6414,param,SimpleNetwork.router.eth[0].phys$i.channel,typename,,,"""ned.IdealChannel""",,,,,,,,,,
General-0-20250310-16:32:25-6414,param,SimpleNetwork.router.eth[0].upperLayerIn.channel,typename,,,"""ned.IdealChannel""",,,,,,,,,,
General-0-20250310-16:32:25-6414,param,SimpleNetwork.router.eth[0].mac.upperLayerOut.channel,typename,,,"""ned.IdealChannel""",,,,,,,,,,
General-0-20250310-16:32:25-6414,param,SimpleNetwork.router.eth[0].queue,typename,,,"""inet.linklayer.ethernet.common.EthernetQueue""",,,,,,,,,,
General-0-20250310-16:32:25-6414,param,SimpleNetwork.router.eth[0].queue,displayStringTextFormat,,,"""contains %p pk (%l) pushed %u\npulled %o removed %r dropped %d""",,,,,,,,,,
General-0-20250310-16:32:25-6414,param,SimpleNetwork.router.eth[0].queue,packetCapacity,,,1000,,,,,,,,,,
General-0-20250310-16:32:25-6414,param,SimpleNetwork.router.eth[0].queue,dataCapacity,,,-1b,,,,,,,,,,
General-0-20250310-16:32:25-6414,attr,SimpleNetwork.router.eth[0].queue,dataCapacity,unit,b,,,,,,,,,,,
General-0-20250310-16:32:25-6414,param,SimpleNetwork.router.eth[0].queue,dropperClass,,,"""inet::queueing::PacketAtCollectionEndDropper""",,,,,,,,,,
General-0-20250310-16:32:25-6414,param,SimpleNetwork.router.eth[0].queue,comparatorClass,,,"""inet::EthernetFrameTypeComparator""",,,,,,,,,,
General-0-20250310-16:32:25-6414,param,SimpleNetwork.router.eth[0].queue,bufferModule,,,"""""",,,,,,,,,,
General-0-20250310-16:32:25-6414,param,SimpleNetwork.router.eth[0].mac,typename,,,"""inet.linklayer.ethernet.basic.EthernetMac""",,,,,,,,,,
General-0-20250310-16:32:25-6414,param,SimpleNetwork.router.eth[0].mac,interfaceTableModule,,,"""SimpleNetwork.router.interfaceTable""",,,,,,,,,,
General-0-20250310-16:32:25-6414,param,SimpleNetwork.router.eth[0].mac,displayStringTextFormat,,,"""rate: %b\nsent: %s, rcvd: %r\nqueue: %q, drop: %d""",,,,,,,,,,
General-0-20250310-16:32:25-6414,param,SimpleNetwork.router.eth[0].mac,sendRawBytes,,,false,,,,,,,,,,
General-0-20250310-16:32:25-6414,param,SimpleNetwork.router.eth[0].mac,promiscuous,,,false,,,,,,,,,,
General-0-20250310-16:32:25-6414,param,SimpleNetwork.router.eth[0].mac,duplexMode,,,true,,,,,,,,,,
General-0-20250310-16:32:25-6414,param,SimpleNetwork.router.eth[0].mac,mtu,,,1500B,,,,,,,,,,
General-0-20250310-16:32:25-6414,attr,SimpleNetwork.router.eth[0].mac,mtu,unit,B,,,,,,,,,,,
General-0-20250310-16:32:25-6414,param,SimpleNetwork.router.eth[0].mac,fcsMode,,,"""declared""",,,,,,,,,,
General-0-20250310-16:32:25-6414,attr,SimpleNetwork.router.eth[0].mac,fcsMode,enum,"declared,computed",,,,,,,,,,,
General-0-20250310-16:32:25-6414,param,SimpleNetwork.router.eth[0].mac,stopOperationExtraTime,,,-1s,,,,,,,,,,
General-0-20250310-16:32:25-6414,attr,SimpleNetwork.router.eth[0].mac,stopOperationExtraTime,unit,s,,,,,,,,,,,
General-0-20250310-16:32:25-6414,param,SimpleNetwork.router.eth[0].mac,stopOperationTimeout,,,2s,,,,,,,,,,
General-0-20250310-16:32:25-6414,attr,SimpleNetwork.router.eth[0].mac,stopOperationTimeout,unit,s,,,,,,,,,,,
General-0-20250310-16:32:25-6414,param,SimpleNetwork.router.eth[0],typename,,,"""inet.linklayer.ethernet.EthernetInterface""",,,,,,,,,,
General-0-20250310-16:32:25-6414,param,SimpleNetwork.router.eth[0],displayStringTextFormat,,,"""%a (%i)\n%m""",,,,,,,,,,
General-0-20250310-16:32:25-6414,param,SimpleNetwork.router.eth[0],recordPcap,,,false,,,,,,,,,,
General-0-20250310-16:32:25-6414,param,SimpleNetwork.router.eth[0],numPcapRecorders,,,0,,,,,,,,,,
General-0-20250310-16:32:25-6414,param,SimpleNetwork.router.eth[0],interfaceTableModule,,,"""SimpleNetwork.router.interfaceTable""",,,,,,,,,,
General-0-20250310-16:32:25-6414,param,SimpleNetwork.router.eth[0],protocol,,,"""ethernetmac""",,,,,,,,,,
General-0-20250310-16:32:25-6414,param,SimpleNetwork.router.eth[0],address,,,"""0A-AA-00-00-00-01""",,,,,,,,,,
General-0-20250310-16:32:25-6414,attr,SimpleNetwork.router.eth[0],address,mutable,,,,,,,,,,,,
General-0-20250310-16:32:25-6414,param,SimpleNetwork.router.eth[0],duplexMode,,,true,,,,,,,,,,
General-0-20250310-16:32:25-6414,param,SimpleNetwork.router.eth[0],csmacdSupport,,,false,,,,,,,,,,
General-0-20250310-16:32:25-6414,param,SimpleNetwork.router.eth[0],bitrate,,,0bps,,,,,,,,,,
General-0-20250310-16:32:25-6414,attr,SimpleNetwork.router.eth[0],bitrate,unit,bps,,,,,,,,,,,
General-0-20250310-16:32:25-6414,param,SimpleNetwork.router.eth[0],fcsMode,,,"""declared""",,,,,,,,,,
General-0-20250310-16:32:25-6414,attr,SimpleNetwork.router.eth[0],fcsMode,enum,"declared,computed",,,,,,,,,,,
General-0-20250310-16:32:25-6414,param,SimpleNetwork.router.eth[1].mac.phys$o.channel,typename,,,"""ned.IdealChannel""",,,,,,,,,,
General-0-20250310-16:32:25-6414,param,SimpleNetwork.router.eth[1].phys$i.channel,typename,,,"""ned.IdealChannel""",,,,,,,,,,
General-0-20250310-16:32:25-6414,param,SimpleNetwork.router.eth[1].upperLayerIn.channel,typename,,,"""ned.IdealChannel""",,,,,,,,,,
General-0-20250310-16:32:25-6414,param,SimpleNetwork.router.eth[1].mac.upperLayerOut.channel,typename,,,"""ned.IdealChannel""",,,,,,,,,,
General-0-20250310-16:32:25-6414,param,SimpleNetwork.router.eth[1].queue,typename,,,"""inet.linklayer.ethernet.common.EthernetQueue""",,,,,,,,,,
General-0-20250310-16:32:25-6414,param,SimpleNetwork.router.eth[1].queue,displayStringTextFormat,,,"""contains %p pk (%l) pushed %u\npulled %o removed %r dropped %d""",,,,,,,,,,
General-0-20250310-16:32:25-6414,param,SimpleNetwork.router.eth[1].queue,packetCapacity,,,1000,,,,,,,,,,
General-0-20250310-16:32:25-6414,param,SimpleNetwork.router.eth[1].queue,dataCapacity,,,-1b,,,,,,,,,,
General-0-20250310-16:32:25-6414,attr,SimpleNetwork.router.eth[1].queue,dataCapacity,unit,b,,,,,,,,,,,
General-0-20250310-16:32:25-6414,param,SimpleNetwork.router.eth[1].queue,dropperClass,,,"""inet::queueing::PacketAtCollectionEndDropper""",,,,,,,,,,
General-0-20250310-16:32:25-6414,param,SimpleNetwork.router.eth[1].queue,comparatorClass,,,"""inet::EthernetFrameTypeComparator""",,,,,,,,,,
General-0-20250310-16:32:25-6414,param,SimpleNetwork.router.eth[1].queue,bufferModule,,,"""""",,,,,,,,,,
General-0-20250310-16:32:25-6414,param,SimpleNetwork.router.eth[1].mac,typename,,,"""inet.linklayer.ethernet.basic.EthernetMac""",,,,,,,,,,
General-0-20250310-16:32:25-6414,param,SimpleNetwork.router.eth[1].mac,interfaceTableModule,,,"""SimpleNetwork.router.interfaceTable""",,,,,,,,,,
General-0-20250310-16:32:25-6414,param,SimpleNetwork.router.eth[1].mac,displayStringTextFormat,,,"""rate: %b\nsent: %s, rcvd: %r\nqueue: %q, drop: %d""",,,,,,,,,,
General-0-20250310-16:32:25-6414,param,SimpleNetwork.router.eth[1].mac,sendRawBytes,,,false,,,,,,,,,,
General-0-20250310-16:32:25-6414,param,SimpleNetwork.router.eth[1].mac,promiscuous,,,false,,,,,,,,,,
General-0-20250310-16:32:25-6414,param,SimpleNetwork.router.eth[1].mac,duplexMode,,,true,,,,,,,,,,
General-0-20250310-16:32:25-6414,param,SimpleNetwork.router.eth[1].mac,mtu,,,1500B,,,,,,,,,,
General-0-20250310-16:32:25-6414,attr,SimpleNetwork.router.eth[1].mac,mtu,unit,B,,,,,,,,,,,
General-0-20250310-16:32:25-6414,param,SimpleNetwork.router.eth[1].mac,fcsMode,,,"""declared""",,,,,,,,,,
General-0-20250310-16:32:25-6414,attr,SimpleNetwork.router.eth[1].mac,fcsMode,enum,"declared,computed",,,,,,,,,,,
General-0-20250310-16:32:25-6414,param,SimpleNetwork.router.eth[1].mac,stopOperationExtraTime,,,-1s,,,,,,,,,,
General-0-20250310-16:32:25-6414,attr,SimpleNetwork.router.eth[1].mac,stopOperationExtraTime,unit,s,,,,,,,,,,,
General-0-20250310-16:32:25-6414,param,SimpleNetwork.router.eth[1].mac,stopOperationTimeout,,,2s,,,,,,,,,,
General-0-20250310-16:32:25-6414,attr,SimpleNetwork.router.eth[1].mac,stopOperationTimeout,unit,s,,,,,,,,,,,
General-0-20250310-16:32:25-6414,param,SimpleNetwork.router.eth[1],typename,,,"""inet.linklayer.ethernet.EthernetInterface""",,,,,,,,,,
General-0-20250310-16:32:25-6414,param,SimpleNetwork.router.eth[1],displayStringTextFormat,,,"""%a (%i)\n%m""",,,,,,,,,,
General-0-20250310-16:32:25-6414,param,SimpleNetwork.router.eth[1],recordPcap,,,false,,,,,,,,,,
General-0-20250310-16:32:25-6414,param,SimpleNetwork.router.eth[1],numPcapRecorders,,,0,,,,,,,,,,
General-0-20250310-16:32:25-6414,param,SimpleNetwork.router.eth[1],interfaceTableModule,,,"""SimpleNetwork.router.interfaceTable""",,,,,,,,,,
General-0-20250310-16:32:25-6414,param,SimpleNetwork.router.eth[1],protocol,,,"""ethernetmac""",,,,,,,,,,
General-0-20250310-16:32:25-6414,param,SimpleNetwork.router.eth[1],address,,,"""0A-AA-00-00-00-02""",,,,,,,,,,
General-0-20250310-16:32:25-6414,attr,SimpleNetwork.router.eth[1],address,mutable,,,,,,,,,,,,
General-0-20250310-16:32:25-6414,param,SimpleNetwork.router.eth[1],duplexMode,,,true,,,,,,,,,,
General-0-20250310-16:32:25-6414,param,SimpleNetwork.router.eth[1],csmacdSupport,,,false,,,,,,,,,,
General-0-20250310-16:32:25-6414,param,SimpleNetwork.router.eth[1],bitrate,,,0bps,,,,,,,,,,
General-0-20250310-16:32:25-6414,attr,SimpleNetwork.router.eth[1],bitrate,unit,bps,,,,,,,,,,,
General-0-20250310-16:32:25-6414,param,SimpleNetwork.router.eth[1],fcsMode,,,"""declared""",,,,,,,,,,
General-0-20250310-16:32:25-6414,attr,SimpleNetwork.router.eth[1],fcsMode,enum,"declared,computed",,,,,,,,,,,
General-0-20250310-16:32:25-6414,param,SimpleNetwork.router.ipv4.transportIn.channel,typename,,,"""ned.IdealChannel""",,,,,,,,,,
General-0-20250310-16:32:25-6414,param,SimpleNetwork.router.ipv4.up.out[0].channel,typename,,,"""ned.IdealChannel""",,,,,,,,,,
General-0-20250310-16:32:25-6414,param,SimpleNetwork.router.ipv4.lp.out[2].channel,typename,,,"""ned.IdealChannel""",,,,,,,,,,
General-0-20250310-16:32:25-6414,param,SimpleNetwork.router.ipv4.ifIn.channel,typename,,,"""ned.IdealChannel""",,,,,,,,,,
General-0-20250310-16:32:25-6414,param,SimpleNetwork.router.ipv4.configurator,typename,,,"""inet.networklayer.configurator.ipv4.Ipv4NodeConfigurator""",,,,,,,,,,
General-0-20250310-16:32:25-6414,param,SimpleNetwork.router.ipv4.configurator,interfaceTableModule,,,"""SimpleNetwork.router.interfaceTable""",,,,,,,,,,
General-0-20250310-16:32:25-6414,param,SimpleNetwork.router.ipv4.configurator,routingTableModule,,,"""SimpleNetwork.router.ipv4.routingTable""",,,,,,,,,,
General-0-20250310-16:32:25-6414,param,SimpleNetwork.router.ipv4.configurator,networkConfiguratorModule,,,"""configurator""",,,,,,,,,,
General-0-20250310-16:32:25-6414,param,SimpleNetwork.router.ipv4.configurator,configureRoutingTable,,,true,,,,,,,,,,
General-0-20250310-16:32:25-6414,param,SimpleNetwork.router.ipv4.routingTable,typename,,,"""inet.networklayer.ipv4.Ipv4RoutingTable""",,,,,,,,,,
General-0-20250310-16:32:25-6414,param,SimpleNetwork.router.ipv4.routingTable,interfaceTableModule,,,"""SimpleNetwork.router.interfaceTable""",,,,,,,,,,
General-0-20250310-16:32:25-6414,param,SimpleNetwork.router.ipv4.routingTable,routerId,,,"""auto""",,,,,,,,,,
General-0-20250310-16:32:25-6414,param,SimpleNetwork.router.ipv4.routingTable,netmaskRoutes,,,"""*""",,,,,,,,,,
General-0-20250310-16:32:25-6414,param,SimpleNetwork.router.ipv4.routingTable,forwarding,,,true,,,,,,,,,,
General-0-20250310-16:32:25-6414,param,SimpleNetwork.router.ipv4.routingTable,multicastForwarding,,,false,,,,,,,,,,
General-0-20250310-16:32:25-6414,param,SimpleNetwork.router.ipv4.routingTable,useAdminDist,,,false,,,,,,,,,,
General-0-20250310-16:32:25-6414,param,SimpleNetwork.router.ipv4.routingTable,routingFile,,,"""""",,,,,,,,,,
General-0-20250310-16:32:25-6414,param,SimpleNetwork.router.ipv4.natTable,typename,,,"""inet.networklayer.ipv4.Ipv4NatTable""",,,,,,,,,,
General-0-20250310-16:32:25-6414,param,SimpleNetwork.router.ipv4.natTable,networkProtocolModule,,,"""^.ip""",,,,,,,,,,
General-0-20250310-16:32:25-6414,param,SimpleNetwork.router.ipv4.natTable,config,,,<config/> at content:1,,,,,,,,,,
General-0-20250310-16:32:25-6414,param,SimpleNetwork.router.ipv4.up,typename,,,"""inet.common.MessageDispatcher""",,,,,,,,,,
General-0-20250310-16:32:25-6414,param,SimpleNetwork.router.ipv4.up,displayStringTextFormat,,,"""processed %p pk (%l)""",,,,,,,,,,
General-0-20250310-16:32:25-6414,param,SimpleNetwork.router.ipv4.up,forwardServiceRegistration,,,true,,,,,,,,,,
General-0-20250310-16:32:25-6414,param,SimpleNetwork.router.ipv4.up,forwardProtocolRegistration,,,true,,,,,,,,,,
General-0-20250310-16:32:25-6414,param,SimpleNetwork.router.ipv4.igmp,typename,,,"""inet.networklayer.ipv4.Igmpv2""",,,,,,,,,,
General-0-20250310-16:32:25-6414,param,SimpleNetwork.router.ipv4.igmp,interfaceTableModule,,,"""SimpleNetwork.router.interfaceTable""",,,,,,,,,,
General-0-20250310-16:32:25-6414,param,SimpleNetwork.router.ipv4.igmp,routingTableModule,,,"""SimpleNetwork.router.ipv4.routingTable""",,,,,,,,,,
General-0-20250310-16:32:25-6414,param,SimpleNetwork.router.ipv4.igmp,crcMode,,,"""declared""",,,,,,,,,,
General-0-20250310-16:32:25-6414,attr,SimpleNetwork.router.ipv4.igmp,crcMode,enum,"declared,computed",,,,,,,,,,,
General-0-20250310-16:32:25-6414,param,SimpleNetwork.router.ipv4.igmp,enabled,,,true,,,,,,,,,,
General-0-20250310-16:32:25-6414,param,SimpleNetwork.router.ipv4.igmp,robustnessVariable,,,2,,,,,,,,,,
General-0-20250310-16:32:25-6414,param,SimpleNetwork.router.ipv4.igmp,queryInterval,,,125s,,,,,,,,,,
General-0-20250310-16:32:25-6414,attr,SimpleNetwork.router.ipv4.igmp,queryInterval,unit,s,,,,,,,,,,,
General-0-20250310-16:32:25-6414,param,SimpleNetwork.router.ipv4.igmp,queryResponseInterval,,,10s,,,,,,,,,,
General-0-20250310-16:32:25-6414,attr,SimpleNetwork.router.ipv4.igmp,queryResponseInterval,unit,s,,,,,,,,,,,
General-0-20250310-16:32:25-6414,param,SimpleNetwork.router.ipv4.igmp,groupMembershipInterval,,,260s,,,,,,,,,,
General-0-20250310-16:32:25-6414,attr,SimpleNetwork.router.ipv4.igmp,groupMembershipInterval,unit,s,,,,,,,,,,,
General-0-20250310-16:32:25-6414,param,SimpleNetwork.router.ipv4.igmp,otherQuerierPresentInterval,,,255s,,,,,,,,,,
General-0-20250310-16:32:25-6414,attr,SimpleNetwork.router.ipv4.igmp,otherQuerierPresentInterval,unit,s,,,,,,,,,,,
General-0-20250310-16:32:25-6414,param,SimpleNetwork.router.ipv4.igmp,startupQueryInterval,,,31.25s,,,,,,,,,,
General-0-20250310-16:32:25-6414,attr,SimpleNetwork.router.ipv4.igmp,startupQueryInterval,unit,s,,,,,,,,,,,
General-0-20250310-16:32:25-6414,param,SimpleNetwork.router.ipv4.igmp,startupQueryCount,,,2,,,,,,,,,,
General-0-20250310-16:32:25-6414,param,SimpleNetwork.router.ipv4.igmp,lastMemberQueryInterval,,,1s,,,,,,,,,,
General-0-20250310-16:32:25-6414,attr,SimpleNetwork.router.ipv4.igmp,lastMemberQueryInterval,unit,s,,,,,,,,,,,
General-0-20250310-16:32:25-6414,param,SimpleNetwork.router.ipv4.igmp,lastMemberQueryCount,,,2,,,,,,,,,,
General-0-20250310-16:32:25-6414,param,SimpleNetwork.router.ipv4.igmp,unsolicitedReportInterval,,,10s,,,,,,,,,,
General-0-20250310-16:32:25-6414,attr,SimpleNetwork.router.ipv4.igmp,unsolicitedReportInterval,unit,s,,,,,,,,,,,
General-0-20250310-16:32:25-6414,param,SimpleNetwork.router.ipv4.icmp,typename,,,"""inet.networklayer.ipv4.Icmp""",,,,,,,,,,
General-0-20250310-16:32:25-6414,param,SimpleNetwork.router.ipv4.icmp,interfaceTableModule,,,"""SimpleNetwork.router.interfaceTable""",,,,,,,,,,
General-0-20250310-16:32:25-6414,param,SimpleNetwork.router.ipv4.icmp,routingTableModule,,,"""SimpleNetwork.router.ipv4.routingTable""",,,,,,,,,,
General-0-20250310-16:32:25-6414,param,SimpleNetwork.router.ipv4.icmp,crcMode,,,"""declared""",,,,,,,,,,
General-0-20250310-16:32:25-6414,attr,SimpleNetwork.router.ipv4.icmp,crcMode,enum,"declared,computed",,,,,,,,,,,
General-0-20250310-16:32:25-6414,attr,SimpleNetwork.router.ipv4.icmp,crcMode,mutable,,,,,,,,,,,,
General-0-20250310-16:32:25-6414,param,SimpleNetwork.router.ipv4.icmp,quoteLength,,,8B,,,,,,,,,,
General-0-20250310-16:32:25-6414,attr,SimpleNetwork.router.ipv4.icmp,quoteLength,mutable,,,,,,,,,,,,
General-0-20250310-16:32:25-6414,attr,SimpleNetwork.router.ipv4.icmp,quoteLength,unit,B,,,,,,,,,,,
General-0-20250310-16:32:25-6414,param,SimpleNetwork.router.ipv4.mp,typename,,,"""inet.common.MessageDispatcher""",,,,,,,,,,
General-0-20250310-16:32:25-6414,param,SimpleNetwork.router.ipv4.mp,displayStringTextFormat,,,"""processed %p pk (%l)""",,,,,,,,,,
General-0-20250310-16:32:25-6414,param,SimpleNetwork.router.ipv4.mp,forwardServiceRegistration,,,true,,,,,,,,,,
General-0-20250310-16:32:25-6414,param,SimpleNetwork.router.ipv4.mp,forwardProtocolRegistration,,,true,,,,,,,,,,
General-0-20250310-16:32:25-6414,param,SimpleNetwork.router.ipv4.ip,typename,,,"""test_project.usingStandardProtocols.CustomNetworkLayer""",,,,,,,,,,
General-0-20250310-16:32:25-6414,param,SimpleNetwork.router.ipv4.ip,interfaceTableModule,,,"""SimpleNetwork.router.interfaceTable""",,,,,,,,,,
General-0-20250310-16:32:25-6414,param,SimpleNetwork.router.ipv4.ip,routingTableModule,,,"""SimpleNetwork.router.ipv4.routingTable""",,,,,,,,,,
General-0-20250310-16:32:25-6414,param,SimpleNetwork.router.ipv4.ip,arpModule,,,"""SimpleNetwork.router.ipv4.arp""",,,,,,,,,,
General-0-20250310-16:32:25-6414,param,SimpleNetwork.router.ipv4.ip,icmpModule,,,"""SimpleNetwork.router.ipv4.icmp""",,,,,,,,,,
General-0-20250310-16:32:25-6414,param,SimpleNetwork.router.ipv4.ip,crcMode,,,"""declared""",,,,,,,,,,
General-0-20250310-16:32:25-6414,attr,SimpleNetwork.router.ipv4.ip,crcMode,enum,"declared,computed",,,,,,,,,,,
General-0-20250310-16:32:25-6414,param,SimpleNetwork.router.ipv4.ip,timeToLive,,,32,,,,,,,,,,
General-0-20250310-16:32:25-6414,param,SimpleNetwork.router.ipv4.ip,multicastTimeToLive,,,32,,,,,,,,,,
General-0-20250310-16:32:25-6414,param,SimpleNetwork.router.ipv4.ip,fragmentTimeout,,,60s,,,,,,,,,,
General-0-20250310-16:32:25-6414,attr,SimpleNetwork.router.ipv4.ip,fragmentTimeout,unit,s,,,,,,,,,,,
General-0-20250310-16:32:25-6414,param,SimpleNetwork.router.ipv4.ip,limitedBroadcast,,,false,,,,,,,,,,
General-0-20250310-16:32:25-6414,param,SimpleNetwork.router.ipv4.ip,directBroadcastInterfaces,,,"""""",,,,,,,,,,
General-0-20250310-16:32:25-6414,param,SimpleNetwork.router.ipv4.arp,typename,,,"""inet.networklayer.arp.ipv4.Arp""",,,,,,,,,,
General-0-20250310-16:32:25-6414,param,SimpleNetwork.router.ipv4.arp,interfaceTableModule,,,"""SimpleNetwork.router.interfaceTable""",,,,,,,,,,
General-0-20250310-16:32:25-6414,param,SimpleNetwork.router.ipv4.arp,routingTableModule,,,"""SimpleNetwork.router.ipv4.routingTable""",,,,,,,,,,
General-0-20250310-16:32:25-6414,param,SimpleNetwork.router.ipv4.arp,retryTimeout,,,1s,,,,,,,,,,
General-0-20250310-16:32:25-6414,attr,SimpleNetwork.router.ipv4.arp,retryTimeout,unit,s,,,,,,,,,,,
General-0-20250310-16:32:25-6414,param,SimpleNetwork.router.ipv4.arp,retryCount,,,3,,,,,,,,,,
General-0-20250310-16:32:25-6414,param,SimpleNetwork.router.ipv4.arp,cacheTimeout,,,120s,,,,,,,,,,
General-0-20250310-16:32:25-6414,attr,SimpleNetwork.router.ipv4.arp,cacheTimeout,unit,s,,,,,,,,,,,
General-0-20250310-16:32:25-6414,param,SimpleNetwork.router.ipv4.arp,proxyArpInterfaces,,,"""*""",,,,,,,,,,
General-0-20250310-16:32:25-6414,param,SimpleNetwork.router.ipv4.lp,typename,,,"""inet.common.MessageDispatcher""",,,,,,,,,,
General-0-20250310-16:32:25-6414,param,SimpleNetwork.router.ipv4.lp,displayStringTextFormat,,,"""processed %p pk (%l)""",,,,,,,,,,
General-0-20250310-16:32:25-6414,param,SimpleNetwork.router.ipv4.lp,forwardServiceRegistration,,,true,,,,,,,,,,
General-0-20250310-16:32:25-6414,param,SimpleNetwork.router.ipv4.lp,forwardProtocolRegistration,,,true,,,,,,,,,,
General-0-20250310-16:32:25-6414,param,SimpleNetwork.router.ipv4,typename,,,"""inet.networklayer.ipv4.Ipv4NetworkLayer""",,,,,,,,,,
General-0-20250310-16:32:25-6414,param,SimpleNetwork.router.ipv4,forwarding,,,true,,,,,,,,,,
General-0-20250310-16:32:25-6414,param,SimpleNetwork.router.ipv4,multicastForwarding,,,false,,,,,,,,,,
General-0-20250310-16:32:25-6414,param,SimpleNetwork.router.ipv4,interfaceTableModule,,,"""SimpleNetwork.router.interfaceTable""",,,,,,,,,,
General-0-20250310-16:32:25-6414,param,SimpleNetwork.router.ipv4,displayStringTextFormat,,,"""%i""",,,,,,,,,,
General-0-20250310-16:32:25-6414,param,SimpleNetwork.router.nl,typename,,,"""inet.common.MessageDispatcher""",,,,,,,,,,
General-0-20250310-16:32:25-6414,param,SimpleNetwork.router.nl,displayStringTextFormat,,,"""processed %p pk (%l)""",,,,,,,,,,
General-0-20250310-16:32:25-6414,param,SimpleNetwork.router.nl,forwardServiceRegistration,,,true,,,,,,,,,,
General-0-20250310-16:32:25-6414,param,SimpleNetwork.router.nl,forwardProtocolRegistration,,,true,,,,,,,,,,
General-0-20250310-16:32:25-6414,param,SimpleNetwork.router,typename,,,"""test_project.usingStandardProtocols.CustomRouter""",,,,,,,,,,
General-0-20250310-16:32:25-6414,param,SimpleNetwork.router,hasStatus,,,false,,,,,,,,,,
General-0-20250310-16:32:25-6414,param,SimpleNetwork.router,osgModel,,,"""""",,,,,,,,,,
General-0-20250310-16:32:25-6414,param,SimpleNetwork.router,osgModelColor,,,"""""",,,,,,,,,,
General-0-20250310-16:32:25-6414,param,SimpleNetwork.router,canvasImage,,,"""""",,,,,,,,,,
General-0-20250310-16:32:25-6414,param,SimpleNetwork.router,canvasImageColor,,,"""""",,,,,,,,,,
General-0-20250310-16:32:25-6414,param,SimpleNetwork.router,recordPcap,,,false,,,,,,,,,,
General-0-20250310-16:32:25-6414,param,SimpleNetwork.router,numPcapRecorders,,,0,,,,,,,,,,
General-0-20250310-16:32:25-6414,param,SimpleNetwork.router,numLoInterfaces,,,1,,,,,,,,,,
General-0-20250310-16:32:25-6414,param,SimpleNetwork.router,numWlanInterfaces,,,0,,,,,,,,,,
General-0-20250310-16:32:25-6414,param,SimpleNetwork.router,numEthInterfaces,,,2,,,,,,,,,,
General-0-20250310-16:32:25-6414,param,SimpleNetwork.router,numPppInterfaces,,,0,,,,,,,,,,
General-0-20250310-16:32:25-6414,param,SimpleNetwork.router,numTunInterfaces,,,0,,,,,,,,,,
General-0-20250310-16:32:25-6414,param,SimpleNetwork.router,numVirtInterfaces,,,0,,,,,,,,,,
General-0-20250310-16:32:25-6414,param,SimpleNetwork.router,fcsMode,,,"""declared""",,,,,,,,,,
General-0-20250310-16:32:25-6414,attr,SimpleNetwork.router,fcsMode,enum,"declared,computed",,,,,,,,,,,
General-0-20250310-16:32:25-6414,param,SimpleNetwork.router,hasIpv4,,,true,,,,,,,,,,
General-0-20250310-16:32:25-6414,param,SimpleNetwork.router,hasIpv6,,,false,,,,,,,,,,
General-0-20250310-16:32:25-6414,param,SimpleNetwork.router,hasGn,,,false,,,,,,,,,,
General-0-20250310-16:32:25-6414,param,SimpleNetwork.router,forwarding,,,true,,,,,,,,,,
General-0-20250310-16:32:25-6414,param,SimpleNetwork.router,multicastForwarding,,,false,,,,,,,,,,
General-0-20250310-16:32:25-6414,param,SimpleNetwork.server.ethg$i[0].channel,typename,,,"""ned.IdealChannel""",,,,,,,,,,
General-0-20250310-16:32:25-6414,param,SimpleNetwork.server.eth[0].phys$o.channel,typename,,,"""ned.IdealChannel""",,,,,,,,,,
General-0-20250310-16:32:25-6414,param,SimpleNetwork.server.interfaceTable,typename,,,"""inet.networklayer.common.InterfaceTable""",,,,,,,,,,
General-0-20250310-16:32:25-6414,param,SimpleNetwork.server.interfaceTable,displayAddresses,,,false,,,,,,,,,,
General-0-20250310-16:32:25-6414,param,SimpleNetwork.server.cb,typename,,,"""inet.common.MessageDispatcher""",,,,,,,,,,
General-0-20250310-16:32:25-6414,param,SimpleNetwork.server.cb,displayStringTextFormat,,,"""processed %p pk (%l)""",,,,,,,,,,
General-0-20250310-16:32:25-6414,param,SimpleNetwork.server.cb,forwardServiceRegistration,,,true,,,,,,,,,,
General-0-20250310-16:32:25-6414,param,SimpleNetwork.server.cb,forwardProtocolRegistration,,,true,,,,,,,,,,
General-0-20250310-16:32:25-6414,param,SimpleNetwork.server.bl,typename,,,"""inet.common.MessageDispatcher""",,,,,,,,,,
General-0-20250310-16:32:25-6414,param,SimpleNetwork.server.bl,displayStringTextFormat,,,"""processed %p pk (%l)""",,,,,,,,,,
General-0-20250310-16:32:25-6414,param,SimpleNetwork.server.bl,forwardServiceRegistration,,,true,,,,,,,,,,
General-0-20250310-16:32:25-6414,param,SimpleNetwork.server.bl,forwardProtocolRegistration,,,true,,,,,,,,,,
General-0-20250310-16:32:25-6414,param,SimpleNetwork.server.ethernet,typename,,,"""inet.linklayer.ethernet.basic.EthernetEncapsulation""",,,,,,,,,,
General-0-20250310-16:32:25-6414,param,SimpleNetwork.server.ethernet,registerProtocol,,,true,,,,,,,,,,
General-0-20250310-16:32:25-6414,param,SimpleNetwork.server.ethernet,interfaceTableModule,,,"""SimpleNetwork.server.interfaceTable""",,,,,,,,,,
General-0-20250310-16:32:25-6414,param,SimpleNetwork.server.ethernet,fcsMode,,,"""declared""",,,,,,,,,,
General-0-20250310-16:32:25-6414,attr,SimpleNetwork.server.ethernet,fcsMode,enum,"declared,computed",,,,,,,,,,,
General-0-20250310-16:32:25-6414,param,SimpleNetwork.server.ethernet,stopOperationExtraTime,,,-1s,,,,,,,,,,
General-0-20250310-16:32:25-6414,attr,SimpleNetwork.server.ethernet,stopOperationExtraTime,unit,s,,,,,,,,,,,
General-0-20250310-16:32:25-6414,param,SimpleNetwork.server.ethernet,stopOperationTimeout,,,2s,,,,,,,,,,
General-0-20250310-16:32:25-6414,attr,SimpleNetwork.server.ethernet,stopOperationTimeout,unit,s,,,,,,,,,,,
General-0-20250310-16:32:25-6414,param,SimpleNetwork.server.li,typename,,,"""inet.common.MessageDispatcher""",,,,,,,,,,
General-0-20250310-16:32:25-6414,param,SimpleNetwork.server.li,displayStringTextFormat,,,"""processed %p pk (%l)""",,,,,,,,,,
General-0-20250310-16:32:25-6414,param,SimpleNetwork.server.li,forwardServiceRegistration,,,true,,,,,,,,,,
General-0-20250310-16:32:25-6414,param,SimpleNetwork.server.li,forwardProtocolRegistration,,,true,,,,,,,,,,
General-0-20250310-16:32:25-6414,param,SimpleNetwork.server.lo[0].upperLayerIn.channel,typename,,,"""ned.IdealChannel""",,,,,,,,,,
General-0-20250310-16:32:25-6414,param,SimpleNetwork.server.lo[0].lo.upperLayerOut.channel,typename,,,"""ned.IdealChannel""",,,,,,,,,,
General-0-20250310-16:32:25-6414,param,SimpleNetwork.server.lo[0].lo,typename,,,"""inet.linklayer.loopback.Loopback""",,,,,,,,,,
General-0-20250310-16:32:25-6414,param,SimpleNetwork.server.lo[0].lo,interfaceTableModule,,,"""SimpleNetwork.server.interfaceTable""",,,,,,,,,,
General-0-20250310-16:32:25-6414,param,SimpleNetwork.server.lo[0].lo,mtu,,,4470B,,,,,,,,,,
General-0-20250310-16:32:25-6414,attr,SimpleNetwork.server.lo[0].lo,mtu,unit,B,,,,,,,,,,,
General-0-20250310-16:32:25-6414,param,SimpleNetwork.server.lo[0],typename,,,"""inet.linklayer.loopback.LoopbackInterface""",,,,,,,,,,
General-0-20250310-16:32:25-6414,param,SimpleNetwork.server.lo[0],displayStringTextFormat,,,"""%a (%i)\n%m""",,,,,,,,,,
General-0-20250310-16:32:25-6414,param,SimpleNetwork.server.lo[0],recordPcap,,,false,,,,,,,,,,
General-0-20250310-16:32:25-6414,param,SimpleNetwork.server.lo[0],numPcapRecorders,,,0,,,,,,,,,,
General-0-20250310-16:32:25-6414,param,SimpleNetwork.server.lo[0],interfaceTableModule,,,"""SimpleNetwork.server.interfaceTable""",,,,,,,,,,
General-0-20250310-16:32:25-6414,param,SimpleNetwork.server.eth[0].mac.phys$o.channel,typename,,,"""ned.IdealChannel""",,,,,,,,,,
General-0-20250310-16:32:25-6414,param,SimpleNetwork.server.eth[0].phys$i.channel,typename,,,"""ned.IdealChannel""",,,,,,,,,,
General-0-20250310-16:32:25-6414,param,SimpleNetwork.server.eth[0].upperLayerIn.channel,typename,,,"""ned.IdealChannel""",,,,,,,,,,
General-0-20250310-16:32:25-6414,param,SimpleNetwork.server.eth[0].mac.upperLayerOut.channel,typename,,,"""ned.IdealChannel""",,,,,,,,,,
General-0-20250310-16:32:25-6414,param,SimpleNetwork.server.eth[0].queue,typename,,,"""inet.linklayer.ethernet.common.EthernetQueue""",,,,,,,,,,
General-0-20250310-16:32:25-6414,param,SimpleNetwork.server.eth[0].queue,displayStringTextFormat,,,"""contains %p pk (%l) pushed %u\npulled %o removed %r dropped %d""",,,,,,,,,,
General-0-20250310-16:32:25-6414,param,SimpleNetwork.server.eth[0].queue,packetCapacity,,,1000,,,,,,,,,,
General-0-20250310-16:32:25-6414,param,SimpleNetwork.server.eth[0].queue,dataCapacity,,,-1b,,,,,,,,,,
General-0-20250310-16:32:25-6414,attr,SimpleNetwork.server.eth[0].queue,dataCapacity,unit,b,,,,,,,,,,,
General-0-20250310-16:32:25-6414,param,SimpleNetwork.server.eth[0].queue,dropperClass,,,"""inet::queueing::PacketAtCollectionEndDropper""",,,,,,,,,,
General-0-20250310-16:32:25-6414,param,SimpleNetwork.server.eth[0].queue,comparatorClass,,,"""inet::EthernetFrameTypeComparator""",,,,,,,,,,
General-0-20250310-16:32:25-6414,param,SimpleNetwork.server.eth[0].queue,bufferModule,,,"""""",,,,,,,,,,
General-0-20250310-16:32:25-6414,param,SimpleNetwork.server.eth[0].mac,typename,,,"""inet.linklayer.ethernet.basic.EthernetMac""",,,,,,,,,,
General-0-20250310-16:32:25-6414,param,SimpleNetwork.server.eth[0].mac,interfaceTableModule,,,"""SimpleNetwork.server.interfaceTable""",,,,,,,,,,
General-0-20250310-16:32:25-6414,param,SimpleNetwork.server.eth[0].mac,displayStringTextFormat,,,"""rate: %b\nsent: %s, rcvd: %r\nqueue: %q, drop: %d""",,,,,,,,,,
General-0-20250310-16:32:25-6414,param,SimpleNetwork.server.eth[0].mac,sendRawBytes,,,false,,,,,,,,,,
General-0-20250310-16:32:25-6414,param,SimpleNetwork.server.eth[0].mac,promiscuous,,,false,,,,,,,,,,
General-0-20250310-16:32:25-6414,param,SimpleNetwork.server.eth[0].mac,duplexMode,,,true,,,,,,,,,,
General-0-20250310-16:32:25-6414,param,SimpleNetwork.server.eth[0].mac,mtu,,,1500B,,,,,,,,,,
General-0-20250310-16:32:25-6414,attr,SimpleNetwork.server.eth[0].mac,mtu,unit,B,,,,,,,,,,,
General-0-20250310-16:32:25-6414,param,SimpleNetwork.server.eth[0].mac,fcsMode,,,"""declared""",,,,,,,,,,
General-0-20250310-16:32:25-6414,attr,SimpleNetwork.server.eth[0].mac,fcsMode,enum,"declared,computed",,,,,,,,,,,
General-0-20250310-16:32:25-6414,param,SimpleNetwork.server.eth[0].mac,stopOperationExtraTime,,,-1s,,,,,,,,,,
General-0-20250310-16:32:25-6414,attr,SimpleNetwork.server.eth[0].mac,stopOperationExtraTime,unit,s,,,,,,,,,,,
General-0-20250310-16:32:25-6414,param,SimpleNetwork.server.eth[0].mac,stopOperationTimeout,,,2s,,,,,,,,,,
General-0-20250310-16:32:25-6414,attr,SimpleNetwork.server.eth[0].mac,stopOperationTimeout,unit,s,,,,,,,,,,,
General-0-20250310-16:32:25-6414,param,SimpleNetwork.server.eth[0],typename,,,"""inet.linklayer.ethernet.EthernetInterface""",,,,,,,,,,
General-0-20250310-16:32:25-6414,param,SimpleNetwork.server.eth[0],displayStringTextFormat,,,"""%a (%i)\n%m""",,,,,,,,,,
General-0-20250310-16:32:25-6414,param,SimpleNetwork.server.eth[0],recordPcap,,,false,,,,,,,,,,
General-0-20250310-16:32:25-6414,param,SimpleNetwork.server.eth[0],numPcapRecorders,,,0,,,,,,,,,,
General-0-20250310-16:32:25-6414,param,SimpleNetwork.server.eth[0],interfaceTableModule,,,"""SimpleNetwork.server.interfaceTable""",,,,,,,,,,
General-0-20250310-16:32:25-6414,param,SimpleNetwork.server.eth[0],protocol,,,"""ethernetmac""",,,,,,,,,,
General-0-20250310-16:32:25-6414,param,SimpleNetwork.server.eth[0],address,,,"""0A-AA-00-00-00-03""",,,,,,,,,,
General-0-20250310-16:32:25-6414,attr,SimpleNetwork.server.eth[0],address,mutable,,,,,,,,,,,,
General-0-20250310-16:32:25-6414,param,SimpleNetwork.server.eth[0],duplexMode,,,true,,,,,,,,,,
General-0-20250310-16:32:25-6414,param,SimpleNetwork.server.eth[0],csmacdSupport,,,false,,,,,,,,,,
General-0-20250310-16:32:25-6414,param,SimpleNetwork.server.eth[0],bitrate,,,0bps,,,,,,,,,,
General-0-20250310-16:32:25-6414,attr,SimpleNetwork.server.eth[0],bitrate,unit,bps,,,,,,,,,,,
General-0-20250310-16:32:25-6414,param,SimpleNetwork.server.eth[0],fcsMode,,,"""declared""",,,,,,,,,,
General-0-20250310-16:32:25-6414,attr,SimpleNetwork.server.eth[0],fcsMode,enum,"declared,computed",,,,,,,,,,,
General-0-20250310-16:32:25-6414,param,SimpleNetwork.server.ipv4.transportIn.channel,typename,,,"""ned.IdealChannel""",,,,,,,,,,
General-0-20250310-16:32:25-6414,param,SimpleNetwork.server.ipv4.up.out[0].channel,typename,,,"""ned.IdealChannel""",,,,,,,,,,
General-0-20250310-16:32:25-6414,param,SimpleNetwork.server.ipv4.lp.out[2].channel,typename,,,"""ned.IdealChannel""",,,,,,,,,,
General-0-20250310-16:32:25-6414,param,SimpleNetwork.server.ipv4.ifIn.channel,typename,,,"""ned.IdealChannel""",,,,,,,,,,
General-0-20250310-16:32:25-6414,param,SimpleNetwork.server.ipv4.configurator,typename,,,"""inet.networklayer.configurator.ipv4.Ipv4NodeConfigurator""",,,,,,,,,,
General-0-20250310-16:32:25-6414,param,SimpleNetwork.server.ipv4.configurator,interfaceTableModule,,,"""SimpleNetwork.server.interfaceTable""",,,,,,,,,,
General-0-20250310-16:32:25-6414,param,SimpleNetwork.server.ipv4.configurator,routingTableModule,,,"""SimpleNetwork.server.ipv4.routingTable""",,,,,,,,,,
General-0-20250310-16:32:25-6414,param,SimpleNetwork.server.ipv4.configurator,networkConfiguratorModule,,,"""configurator""",,,,,,,,,,
General-0-20250310-16:32:25-6414,param,SimpleNetwork.server.ipv4.configurator,configureRoutingTable,,,true,,,,,,,,,,
General-0-20250310-16:32:25-6414,param,SimpleNetwork.server.ipv4.routingTable,typename,,,"""inet.networklayer.ipv4.Ipv4RoutingTable""",,,,,,,,,,
General-0-20250310-16:32:25-6414,param,SimpleNetwork.server.ipv4.routingTable,interfaceTableModule,,,"""SimpleNetwork.server.interfaceTable""",,,,,,,,,,
General-0-20250310-16:32:25-6414,param,SimpleNetwork.server.ipv4.routingTable,routerId,,,"""auto""",,,,,,,,,,
General-0-20250310-16:32:25-6414,param,SimpleNetwork.server.ipv4.routingTable,netmaskRoutes,,,"""*""",,,,,,,,,,
General-0-20250310-16:32:25-6414,param,SimpleNetwork.server.ipv4.routingTable,forwarding,,,false,,,,,,,,,,
General-0-20250310-16:32:25-6414,param,SimpleNetwork.server.ipv4.routingTable,multicastForwarding,,,false,,,,,,,,,,
General-0-20250310-16:32:25-6414,param,SimpleNetwork.server.ipv4.routingTable,useAdminDist,,,false,,,,,,,,,,
General-0-20250310-16:32:25-6414,param,SimpleNetwork.server.ipv4.routingTable,routingFile,,,"""""",,,,,,,,,,
General-0-20250310-16:32:25-6414,param,SimpleNetwork.server.ipv4.natTable,typename,,,"""inet.networklayer.ipv4.Ipv4NatTable""",,,,,,,,,,
General-0-20250310-16:32:25-6414,param,SimpleNetwork.server.ipv4.natTable,networkProtocolModule,,,"""^.ip""",,,,,,,,,,
General-0-20250310-16:32:25-6414,param,SimpleNetwork.server.ipv4.natTable,config,,,<config/> at content:1,,,,,,,,,,
General-0-20250310-16:32:25-6414,param,SimpleNetwork.server.ipv4.up,typename,,,"""inet.common.MessageDispatcher""",,,,,,,,,,
General-0-20250310-16:32:25-6414,param,SimpleNetwork.server.ipv4.up,displayStringTextFormat,,,"""processed %p pk (%l)""",,,,,,,,,,
General-0-20250310-16:32:25-6414,param,SimpleNetwork.server.ipv4.up,forwardServiceRegistration,,,true,,,,,,,,,,
General-0-20250310-16:32:25-6414,param,SimpleNetwork.server.ipv4.up,forwardProtocolRegistration,,,true,,,,,,,,,,
General-0-20250310-16:32:25-6414,param,SimpleNetwork.server.ipv4.igmp,typename,,,"""inet.networklayer.ipv4.Igmpv2""",,,,,,,,,,
General-0-20250310-16:32:25-6414,param,SimpleNetwork.server.ipv4.igmp,interfaceTableModule,,,"""SimpleNetwork.server.interfaceTable""",,,,,,,,,,
General-0-20250310-16:32:25-6414,param,SimpleNetwork.server.ipv4.igmp,routingTableModule,,,"""SimpleNetwork.server.ipv4.routingTable""",,,,,,,,,,
General-0-20250310-16:32:25-6414,param,SimpleNetwork.server.ipv4.igmp,crcMode,,,"""declared""",,,,,,,,,,
General-0-20250310-16:32:25-6414,attr,SimpleNetwork.server.ipv4.igmp,crcMode,enum,"declared,computed",,,,,,,,,,,
General-0-20250310-16:32:25-6414,param,SimpleNetwork.server.ipv4.igmp,enabled,,,true,,,,,,,,,,
General-0-20250310-16:32:25-6414,param,SimpleNetwork.server.ipv4.igmp,robustnessVariable,,,2,,,,,,,,,,
General-0-20250310-16:32:25-6414,param,SimpleNetwork.server.ipv4.igmp,queryInterval,,,125s,,,,,,,,,,
General-0-20250310-16:32:25-6414,attr,SimpleNetwork.server.ipv4.igmp,queryInterval,unit,s,,,,,,,,,,,
General-0-20250310-16:32:25-6414,param,SimpleNetwork.server.ipv4.igmp,queryResponseInterval,,,10s,,,,,,,,,,
General-0-20250310-16:32:25-6414,attr,SimpleNetwork.server.ipv4.igmp,queryResponseInterval,unit,s,,,,,,,,,,,
General-0-20250310-16:32:25-6414,param,SimpleNetwork.server.ipv4.igmp,groupMembershipInterval,,,260s,,,,,,,,,,
General-0-20250310-16:32:25-6414,attr,SimpleNetwork.server.ipv4.igmp,groupMembershipInterval,unit,s,,,,,,,,,,,
General-0-20250310-16:32:25-6414,param,SimpleNetwork.server.ipv4.igmp,otherQuerierPresentInterval,,,255s,,,,,,,,,,
General-0-20250310-16:32:25-6414,attr,SimpleNetwork.server.ipv4.igmp,otherQuerierPresentInterval,unit,s,,,,,,,,,,,
General-0-20250310-16:32:25-6414,param,SimpleNetwork.server.ipv4.igmp,startupQueryInterval,,,31.25s,,,,,,,,,,
General-0-20250310-16:32:25-6414,attr,SimpleNetwork.server.ipv4.igmp,startupQueryInterval,unit,s,,,,,,,,,,,
General-0-20250310-16:32:25-6414,param,SimpleNetwork.server.ipv4.igmp,startupQueryCount,,,2,,,,,,,,,,
General-0-20250310-16:32:25-6414,param,SimpleNetwork.server.ipv4.igmp,lastMemberQueryInterval,,,1s,,,,,,,,,,
General-0-20250310-16:32:25-6414,attr,SimpleNetwork.server.ipv4.igmp,lastMemberQueryInterval,unit,s,,,,,,,,,,,
General-0-20250310-16:32:25-6414,param,SimpleNetwork.server.ipv4.igmp,lastMemberQueryCount,,,2,,,,,,,,,,
General-0-20250310-16:32:25-6414,param,SimpleNetwork.server.ipv4.igmp,unsolicitedReportInterval,,,10s,,,,,,,,,,
General-0-20250310-16:32:25-6414,attr,SimpleNetwork.server.ipv4.igmp,unsolicitedReportInterval,unit,s,,,,,,,,,,,
General-0-20250310-16:32:25-6414,param,SimpleNetwork.server.ipv4.icmp,typename,,,"""inet.networklayer.ipv4.Icmp""",,,,,,,,,,
General-0-20250310-16:32:25-6414,param,SimpleNetwork.server.ipv4.icmp,interfaceTableModule,,,"""SimpleNetwork.server.interfaceTable""",,,,,,,,,,
General-0-20250310-16:32:25-6414,param,SimpleNetwork.server.ipv4.icmp,routingTableModule,,,"""SimpleNetwork.server.ipv4.routingTable""",,,,,,,,,,
General-0-20250310-16:32:25-6414,param,SimpleNetwork.server.ipv4.icmp,crcMode,,,"""declared""",,,,,,,,,,
General-0-20250310-16:32:25-6414,attr,SimpleNetwork.server.ipv4.icmp,crcMode,enum,"declared,computed",,,,,,,,,,,
General-0-20250310-16:32:25-6414,attr,SimpleNetwork.server.ipv4.icmp,crcMode,mutable,,,,,,,,,,,,
General-0-20250310-16:32:25-6414,param,SimpleNetwork.server.ipv4.icmp,quoteLength,,,8B,,,,,,,,,,
General-0-20250310-16:32:25-6414,attr,SimpleNetwork.server.ipv4.icmp,quoteLength,mutable,,,,,,,,,,,,
General-0-20250310-16:32:25-6414,attr,SimpleNetwork.server.ipv4.icmp,quoteLength,unit,B,,,,,,,,,,,
General-0-20250310-16:32:25-6414,param,SimpleNetwork.server.ipv4.mp,typename,,,"""inet.common.MessageDispatcher""",,,,,,,,,,
General-0-20250310-16:32:25-6414,param,SimpleNetwork.server.ipv4.mp,displayStringTextFormat,,,"""processed %p pk (%l)""",,,,,,,,,,
General-0-20250310-16:32:25-6414,param,SimpleNetwork.server.ipv4.mp,forwardServiceRegistration,,,true,,,,,,,,,,
General-0-20250310-16:32:25-6414,param,SimpleNetwork.server.ipv4.mp,forwardProtocolRegistration,,,true,,,,,,,,,,
General-0-20250310-16:32:25-6414,param,SimpleNetwork.server.ipv4.ip,typename,,,"""inet.networklayer.ipv4.Ipv4""",,,,,,,,,,
General-0-20250310-16:32:25-6414,param,SimpleNetwork.server.ipv4.ip,interfaceTableModule,,,"""SimpleNetwork.server.interfaceTable""",,,,,,,,,,
General-0-20250310-16:32:25-6414,param,SimpleNetwork.server.ipv4.ip,routingTableModule,,,"""SimpleNetwork.server.ipv4.routingTable""",,,,,,,,,,
General-0-20250310-16:32:25-6414,param,SimpleNetwork.server.ipv4.ip,arpModule,,,"""SimpleNetwork.server.ipv4.arp""",,,,,,,,,,
General-0-20250310-16:32:25-6414,param,SimpleNetwork.server.ipv4.ip,icmpModule,,,"""SimpleNetwork.server.ipv4.icmp""",,,,,,,,,,
General-0-20250310-16:32:25-6414,param,SimpleNetwork.server.ipv4.ip,crcMode,,,"""declared""",,,,,,,,,,
General-0-20250310-16:32:25-6414,attr,SimpleNetwork.server.ipv4.ip,crcMode,enum,"declared,computed",,,,,,,,,,,
General-0-20250310-16:32:25-6414,param,SimpleNetwork.server.ipv4.ip,timeToLive,,,32,,,,,,,,,,
General-0-20250310-16:32:25-6414,param,SimpleNetwork.server.ipv4.ip,multicastTimeToLive,,,32,,,,,,,,,,
General-0-20250310-16:32:25-6414,param,SimpleNetwork.server.ipv4.ip,fragmentTimeout,,,60s,,,,,,,,,,
General-0-20250310-16:32:25-6414,attr,SimpleNetwork.server.ipv4.ip,fragmentTimeout,unit,s,,,,,,,,,,,
General-0-20250310-16:32:25-6414,param,SimpleNetwork.server.ipv4.ip,limitedBroadcast,,,false,,,,,,,,,,
General-0-20250310-16:32:25-6414,param,SimpleNetwork.server.ipv4.ip,directBroadcastInterfaces,,,"""""",,,,,,,,,,
General-0-20250310-16:32:25-6414,param,SimpleNetwork.server.ipv4.arp,typename,,,"""inet.networklayer.arp.ipv4.Arp""",,,,,,,,,,
General-0-20250310-16:32:25-6414,param,SimpleNetwork.server.ipv4.arp,interfaceTableModule,,,"""SimpleNetwork.server.interfaceTable""",,,,,,,,,,
General-0-20250310-16:32:25-6414,param,SimpleNetwork.server.ipv4.arp,routingTableModule,,,"""SimpleNetwork.server.ipv4.routingTable""",,,,,,,,,,
General-0-20250310-16:32:25-6414,param,SimpleNetwork.server.ipv4.arp,retryTimeout,,,1s,,,,,,,,,,
General-0-20250310-16:32:25-6414,attr,SimpleNetwork.server.ipv4.arp,retryTimeout,unit,s,,,,,,,,,,,
General-0-20250310-16:32:25-6414,param,SimpleNetwork.server.ipv4.arp,retryCount,,,3,,,,,,,,,,
General-0-20250310-16:32:25-6414,param,SimpleNetwork.server.ipv4.arp,cacheTimeout,,,120s,,,,,,,,,,
General-0-20250310-16:32:25-6414,attr,SimpleNetwork.server.ipv4.arp,cacheTimeout,unit,s,,,,,,,,,,,
General-0-20250310-16:32:25-6414,param,SimpleNetwork.server.ipv4.arp,proxyArpInterfaces,,,"""""",,,,,,,,,,
General-0-20250310-16:32:25-6414,param,SimpleNetwork.server.ipv4.lp,typename,,,"""inet.common.MessageDispatcher""",,,,,,,,,,
General-0-20250310-16:32:25-6414,param,SimpleNetwork.server.ipv4.lp,displayStringTextFormat,,,"""processed %p pk (%l)""",,,,,,,,,,
General-0-20250310-16:32:25-6414,param,SimpleNetwork.server.ipv4.lp,forwardServiceRegistration,,,true,,,,,,,,,,
General-0-20250310-16:32:25-6414,param,SimpleNetwork.server.ipv4.lp,forwardProtocolRegistration,,,true,,,,,,,,,,
General-0-20250310-16:32:25-6414,param,SimpleNetwork.server.ipv4,typename,,,"""inet.networklayer.ipv4.Ipv4NetworkLayer""",,,,,,,,,,
General-0-20250310-16:32:25-6414,param,SimpleNetwork.server.ipv4,forwarding,,,false,,,,,,,,,,
General-0-20250310-16:32:25-6414,param,SimpleNetwork.server.ipv4,multicastForwarding,,,false,,,,,,,,,,
General-0-20250310-16:32:25-6414,param,SimpleNetwork.server.ipv4,interfaceTableModule,,,"""SimpleNetwork.server.interfaceTable""",,,,,,,,,,
General-0-20250310-16:32:25-6414,param,SimpleNetwork.server.ipv4,displayStringTextFormat,,,"""%i""",,,,,,,,,,
General-0-20250310-16:32:25-6414,param,SimpleNetwork.server.nl,typename,,,"""inet.common.MessageDispatcher""",,,,,,,,,,
General-0-20250310-16:32:25-6414,param,SimpleNetwork.server.nl,displayStringTextFormat,,,"""processed %p pk (%l)""",,,,,,,,,,
General-0-20250310-16:32:25-6414,param,SimpleNetwork.server.nl,forwardServiceRegistration,,,true,,,,,,,,,,
General-0-20250310-16:32:25-6414,param,SimpleNetwork.server.nl,forwardProtocolRegistration,,,true,,,,,,,,,,
General-0-20250310-16:32:25-6414,param,SimpleNetwork.server.udp,typename,,,"""inet.transportlayer.udp.Udp""",,,,,,,,,,
General-0-20250310-16:32:25-6414,param,SimpleNetwork.server.udp,interfaceTableModule,,,"""SimpleNetwork.server.interfaceTable""",,,,,,,,,,
General-0-20250310-16:32:25-6414,param,SimpleNetwork.server.udp,icmpModule,,,"""^.ipv4.icmp""",,,,,,,,,,
General-0-20250310-16:32:25-6414,param,SimpleNetwork.server.udp,icmpv6Module,,,"""^.ipv6.icmpv6""",,,,,,,,,,
General-0-20250310-16:32:25-6414,param,SimpleNetwork.server.udp,crcMode,,,"""declared""",,,,,,,,,,
General-0-20250310-16:32:25-6414,attr,SimpleNetwork.server.udp,crcMode,enum,"disabled,declared,computed",,,,,,,,,,,
General-0-20250310-16:32:25-6414,param,SimpleNetwork.server.udp,defaultMulticastLoop,,,true,,,,,,,,,,
General-0-20250310-16:32:25-6414,param,SimpleNetwork.server.tcp,typename,,,"""inet.transportlayer.tcp.Tcp""",,,,,,,,,,
General-0-20250310-16:32:25-6414,param,SimpleNetwork.server.tcp,crcMode,,,"""declared""",,,,,,,,,,
General-0-20250310-16:32:25-6414,attr,SimpleNetwork.server.tcp,crcMode,enum,"declared,computed",,,,,,,,,,,
General-0-20250310-16:32:25-6414,param,SimpleNetwork.server.tcp,advertisedWindow,,,7504,,,,,,,,,,
General-0-20250310-16:32:25-6414,param,SimpleNetwork.server.tcp,delayedAcksEnabled,,,false,,,,,,,,,,
General-0-20250310-16:32:25-6414,param,SimpleNetwork.server.tcp,nagleEnabled,,,true,,,,,,,,,,
General-0-20250310-16:32:25-6414,param,SimpleNetwork.server.tcp,limitedTransmitEnabled,,,false,,,,,,,,,,
General-0-20250310-16:32:25-6414,param,SimpleNetwork.server.tcp,increasedIWEnabled,,,false,,,,,,,,,,
General-0-20250310-16:32:25-6414,param,SimpleNetwork.server.tcp,sackSupport,,,false,,,,,,,,,,
General-0-20250310-16:32:25-6414,param,SimpleNetwork.server.tcp,windowScalingSupport,,,false,,,,,,,,,,
General-0-20250310-16:32:25-6414,param,SimpleNetwork.server.tcp,windowScalingFactor,,,-1,,,,,,,,,,
General-0-20250310-16:32:25-6414,param,SimpleNetwork.server.tcp,timestampSupport,,,false,,,,,,,,,,
General-0-20250310-16:32:25-6414,param,SimpleNetwork.server.tcp,mss,,,536,,,,,,,,,,
General-0-20250310-16:32:25-6414,param,SimpleNetwork.server.tcp,msl,,,120s,,,,,,,,,,
General-0-20250310-16:32:25-6414,attr,SimpleNetwork.server.tcp,msl,unit,s,,,,,,,,,,,
General-0-20250310-16:32:25-6414,param,SimpleNetwork.server.tcp,tcpAlgorithmClass,,,"""TcpReno""",,,,,,,,,,
General-0-20250310-16:32:25-6414,param,SimpleNetwork.server.tcp,useDataNotification,,,false,,,,,,,,,,
General-0-20250310-16:32:25-6414,param,SimpleNetwork.server.tcp,dupthresh,,,3,,,,,,,,,,
General-0-20250310-16:32:25-6414,param,SimpleNetwork.server.tcp,initialSsthresh,,,4294967295,,,,,,,,,,
General-0-20250310-16:32:25-6414,param,SimpleNetwork.server.tcp,stopOperationExtraTime,,,0s,,,,,,,,,,
General-0-20250310-16:32:25-6414,attr,SimpleNetwork.server.tcp,stopOperationExtraTime,unit,s,,,,,,,,,,,
General-0-20250310-16:32:25-6414,param,SimpleNetwork.server.tcp,stopOperationTimeout,,,2s,,,,,,,,,,
General-0-20250310-16:32:25-6414,attr,SimpleNetwork.server.tcp,stopOperationTimeout,unit,s,,,,,,,,,,,
General-0-20250310-16:32:25-6414,param,SimpleNetwork.server.tcp,ecnWillingness,,,false,,,,,,,,,,
General-0-20250310-16:32:25-6414,param,SimpleNetwork.server.tcp,dctcpGamma,,,0.0625,,,,,,,,,,
General-0-20250310-16:32:25-6414,param,SimpleNetwork.server.tn,typename,,,"""inet.common.MessageDispatcher""",,,,,,,,,,
General-0-20250310-16:32:25-6414,param,SimpleNetwork.server.tn,displayStringTextFormat,,,"""processed %p pk (%l)""",,,,,,,,,,
General-0-20250310-16:32:25-6414,param,SimpleNetwork.server.tn,forwardServiceRegistration,,,true,,,,,,,,,,
General-0-20250310-16:32:25-6414,param,SimpleNetwork.server.tn,forwardProtocolRegistration,,,true,,,,,,,,,,
General-0-20250310-16:32:25-6414,param,SimpleNetwork.server.app[0],typename,,,"""inet.applications.udpapp.UdpSink""",,,,,,,,,,
General-0-20250310-16:32:25-6414,param,SimpleNetwork.server.app[0],interfaceTableModule,,,"""SimpleNetwork.server.interfaceTable""",,,,,,,,,,
General-0-20250310-16:32:25-6414,param,SimpleNetwork.server.app[0],startTime,,,0s,,,,,,,,,,
General-0-20250310-16:32:25-6414,attr,SimpleNetwork.server.app[0],startTime,unit,s,,,,,,,,,,,
General-0-20250310-16:32:25-6414,param,SimpleNetwork.server.app[0],stopTime,,,-1s,,,,,,,,,,
General-0-20250310-16:32:25-6414,attr,SimpleNetwork.server.app[0],stopTime,unit,s,,,,,,,,,,,
General-0-20250310-16:32:25-6414,param,SimpleNetwork.server.app[0],localPort,,,5000,,,,,,,,,,
General-0-20250310-16:32:25-6414,param,SimpleNetwork.server.app[0],receiveBroadcast,,,false,,,,,,,,,,
General-0-20250310-16:32:25-6414,param,SimpleNetwork.server.app[0],multicastGroup,,,"""""",,,,,,,,,,
General-0-20250310-16:32:25-6414,param,SimpleNetwork.server.app[0],multicastSources,,,"""""",,,,,,,,,,
General-0-20250310-16:32:25-6414,param,SimpleNetwork.server.app[0],stopOperationExtraTime,,,-1s,,,,,,,,,,
General-0-20250310-16:32:25-6414,attr,SimpleNetwork.server.app[0],stopOperationExtraTime,unit,s,,,,,,,,,,,
General-0-20250310-16:32:25-6414,param,SimpleNetwork.server.app[0],stopOperationTimeout,,,2s,,,,,,,,,,
General-0-20250310-16:32:25-6414,attr,SimpleNetwork.server.app[0],stopOperationTimeout,unit,s,,,,,,,,,,,
General-0-20250310-16:32:25-6414,param,SimpleNetwork.server.at,typename,,,"""inet.common.MessageDispatcher""",,,,,,,,,,
General-0-20250310-16:32:25-6414,param,SimpleNetwork.server.at,displayStringTextFormat,,,"""processed %p pk (%l)""",,,,,,,,,,
General-0-20250310-16:32:25-6414,param,SimpleNetwork.server.at,forwardServiceRegistration,,,true,,,,,,,,,,
General-0-20250310-16:32:25-6414,param,SimpleNetwork.server.at,forwardProtocolRegistration,,,true,,,,,,,,,,
General-0-20250310-16:32:25-6414,param,SimpleNetwork.server,typename,,,"""inet.node.inet.StandardHost""",,,,,,,,,,
General-0-20250310-16:32:25-6414,param,SimpleNetwork.server,hasStatus,,,false,,,,,,,,,,
General-0-20250310-16:32:25-6414,param,SimpleNetwork.server,osgModel,,,"""""",,,,,,,,,,
General-0-20250310-16:32:25-6414,param,SimpleNetwork.server,osgModelColor,,,"""""",,,,,,,,,,
General-0-20250310-16:32:25-6414,param,SimpleNetwork.server,canvasImage,,,"""""",,,,,,,,,,
General-0-20250310-16:32:25-6414,param,SimpleNetwork.server,canvasImageColor,,,"""""",,,,,,,,,,
General-0-20250310-16:32:25-6414,param,SimpleNetwork.server,recordPcap,,,false,,,,,,,,,,
General-0-20250310-16:32:25-6414,param,SimpleNetwork.server,numPcapRecorders,,,0,,,,,,,,,,
General-0-20250310-16:32:25-6414,param,SimpleNetwork.server,numLoInterfaces,,,1,,,,,,,,,,
General-0-20250310-16:32:25-6414,param,SimpleNetwork.server,numWlanInterfaces,,,0,,,,,,,,,,
General-0-20250310-16:32:25-6414,param,SimpleNetwork.server,numEthInterfaces,,,1,,,,,,,,,,
General-0-20250310-16:32:25-6414,param,SimpleNetwork.server,numPppInterfaces,,,0,,,,,,,,,,
General-0-20250310-16:32:25-6414,param,SimpleNetwork.server,numTunInterfaces,,,0,,,,,,,,,,
General-0-20250310-16:32:25-6414,param,SimpleNetwork.server,numVirtInterfaces,,,0,,,,,,,,,,
General-0-20250310-16:32:25-6414,param,SimpleNetwork.server,fcsMode,,,"""declared""",,,,,,,,,,
General-0-20250310-16:32:25-6414,attr,SimpleNetwork.server,fcsMode,enum,"declared,computed",,,,,,,,,,,
General-0-20250310-16:32:25-6414,param,SimpleNetwork.server,hasIpv4,,,true,,,,,,,,,,
General-0-20250310-16:32:25-6414,param,SimpleNetwork.server,hasIpv6,,,false,,,,,,,,,,
General-0-20250310-16:32:25-6414,param,SimpleNetwork.server,hasGn,,,false,,,,,,,,,,
General-0-20250310-16:32:25-6414,param,SimpleNetwork.server,forwarding,,,false,,,,,,,,,,
General-0-20250310-16:32:25-6414,param,SimpleNetwork.server,multicastForwarding,,,false,,,,,,,,,,
General-0-20250310-16:32:25-6414,param,SimpleNetwork.server,hasUdp,,,true,,,,,,,,,,
General-0-20250310-16:32:25-6414,param,SimpleNetwork.server,hasTcp,,,true,,,,,,,,,,
General-0-20250310-16:32:25-6414,param,SimpleNetwork.server,hasSctp,,,false,,,,,,,,,,
General-0-20250310-16:32:25-6414,param,SimpleNetwork.server,numApps,,,1,,,,,,,,,,
General-0-20250310-16:32:25-6414,param,SimpleNetwork.client.ethg$i[0].channel,typename,,,"""ned.IdealChannel""",,,,,,,,,,
General-0-20250310-16:32:25-6414,param,SimpleNetwork.client.eth[0].phys$o.channel,typename,,,"""ned.IdealChannel""",,,,,,,,,,
General-0-20250310-16:32:25-6414,param,SimpleNetwork.client.interfaceTable,typename,,,"""inet.networklayer.common.InterfaceTable""",,,,,,,,,,
General-0-20250310-16:32:25-6414,param,SimpleNetwork.client.interfaceTable,displayAddresses,,,false,,,,,,,,,,
General-0-20250310-16:32:25-6414,param,SimpleNetwork.client.cb,typename,,,"""inet.common.MessageDispatcher""",,,,,,,,,,
General-0-20250310-16:32:25-6414,param,SimpleNetwork.client.cb,displayStringTextFormat,,,"""processed %p pk (%l)""",,,,,,,,,,
General-0-20250310-16:32:25-6414,param,SimpleNetwork.client.cb,forwardServiceRegistration,,,true,,,,,,,,,,
General-0-20250310-16:32:25-6414,param,SimpleNetwork.client.cb,forwardProtocolRegistration,,,true,,,,,,,,,,
General-0-20250310-16:32:25-6414,param,SimpleNetwork.client.bl,typename,,,"""inet.common.MessageDispatcher""",,,,,,,,,,
General-0-20250310-16:32:25-6414,param,SimpleNetwork.client.bl,displayStringTextFormat,,,"""processed %p pk (%l)""",,,,,,,,,,
General-0-20250310-16:32:25-6414,param,SimpleNetwork.client.bl,forwardServiceRegistration,,,true,,,,,,,,,,
General-0-20250310-16:32:25-6414,param,SimpleNetwork.client.bl,forwardProtocolRegistration,,,true,,,,,,,,,,
General-0-20250310-16:32:25-6414,param,SimpleNetwork.client.ethernet,typename,,,"""inet.linklayer.ethernet.basic.EthernetEncapsulation""",,,,,,,,,,
General-0-20250310-16:32:25-6414,param,SimpleNetwork.client.ethernet,registerProtocol,,,true,,,,,,,,,,
General-0-20250310-16:32:25-6414,param,SimpleNetwork.client.ethernet,interfaceTableModule,,,"""SimpleNetwork.client.interfaceTable""",,,,,,,,,,
General-0-20250310-16:32:25-6414,param,SimpleNetwork.client.ethernet,fcsMode,,,"""declared""",,,,,,,,,,
General-0-20250310-16:32:25-6414,attr,SimpleNetwork.client.ethernet,fcsMode,enum,"declared,computed",,,,,,,,,,,
General-0-20250310-16:32:25-6414,param,SimpleNetwork.client.ethernet,stopOperationExtraTime,,,-1s,,,,,,,,,,
General-0-20250310-16:32:25-6414,attr,SimpleNetwork.client.ethernet,stopOperationExtraTime,unit,s,,,,,,,,,,,
General-0-20250310-16:32:25-6414,param,SimpleNetwork.client.ethernet,stopOperationTimeout,,,2s,,,,,,,,,,
General-0-20250310-16:32:25-6414,attr,SimpleNetwork.client.ethernet,stopOperationTimeout,unit,s,,,,,,,,,,,
General-0-20250310-16:32:25-6414,param,SimpleNetwork.client.li,typename,,,"""inet.common.MessageDispatcher""",,,,,,,,,,
General-0-20250310-16:32:25-6414,param,SimpleNetwork.client.li,displayStringTextFormat,,,"""processed %p pk (%l)""",,,,,,,,,,
General-0-20250310-16:32:25-6414,param,SimpleNetwork.client.li,forwardServiceRegistration,,,true,,,,,,,,,,
General-0-20250310-16:32:25-6414,param,SimpleNetwork.client.li,forwardProtocolRegistration,,,true,,,,,,,,,,
General-0-20250310-16:32:25-6414,param,SimpleNetwork.client.lo[0].upperLayerIn.channel,typename,,,"""ned.IdealChannel""",,,,,,,,,,
General-0-20250310-16:32:25-6414,param,SimpleNetwork.client.lo[0].lo.upperLayerOut.channel,typename,,,"""ned.IdealChannel""",,,,,,,,,,
General-0-20250310-16:32:25-6414,param,SimpleNetwork.client.lo[0].lo,typename,,,"""inet.linklayer.loopback.Loopback""",,,,,,,,,,
General-0-20250310-16:32:25-6414,param,SimpleNetwork.client.lo[0].lo,interfaceTableModule,,,"""SimpleNetwork.client.interfaceTable""",,,,,,,,,,
General-0-20250310-16:32:25-6414,param,SimpleNetwork.client.lo[0].lo,mtu,,,4470B,,,,,,,,,,
General-0-20250310-16:32:25-6414,attr,SimpleNetwork.client.lo[0].lo,mtu,unit,B,,,,,,,,,,,
General-0-20250310-16:32:25-6414,param,SimpleNetwork.client.lo[0],typename,,,"""inet.linklayer.loopback.LoopbackInterface""",,,,,,,,,,
General-0-20250310-16:32:25-6414,param,SimpleNetwork.client.lo[0],displayStringTextFormat,,,"""%a (%i)\n%m""",,,,,,,,,,
General-0-20250310-16:32:25-6414,param,SimpleNetwork.client.lo[0],recordPcap,,,false,,,,,,,,,,
General-0-20250310-16:32:25-6414,param,SimpleNetwork.client.lo[0],numPcapRecorders,,,0,,,,,,,,,,
General-0-20250310-16:32:25-6414,param,SimpleNetwork.client.lo[0],interfaceTableModule,,,"""SimpleNetwork.client.interfaceTable""",,,,,,,,,,
General-0-20250310-16:32:25-6414,param,SimpleNetwork.client.eth[0].mac.phys$o.channel,typename,,,"""ned.IdealChannel""",,,,,,,,,,
General-0-20250310-16:32:25-6414,param,SimpleNetwork.client.eth[0].phys$i.channel,typename,,,"""ned.IdealChannel""",,,,,,,,,,
General-0-20250310-16:32:25-6414,param,SimpleNetwork.client.eth[0].upperLayerIn.channel,typename,,,"""ned.IdealChannel""",,,,,,,,,,
General-0-20250310-16:32:25-6414,param,SimpleNetwork.client.eth[0].mac.upperLayerOut.channel,typename,,,"""ned.IdealChannel""",,,,,,,,,,
General-0-20250310-16:32:25-6414,param,SimpleNetwork.client.eth[0].queue,typename,,,"""inet.linklayer.ethernet.common.EthernetQueue""",,,,,,,,,,
General-0-20250310-16:32:25-6414,param,SimpleNetwork.client.eth[0].queue,displayStringTextFormat,,,"""contains %p pk (%l) pushed %u\npulled %o removed %r dropped %d""",,,,,,,,,,
General-0-20250310-16:32:25-6414,param,SimpleNetwork.client.eth[0].queue,packetCapacity,,,1000,,,,,,,,,,
General-0-20250310-16:32:25-6414,param,SimpleNetwork.client.eth[0].queue,dataCapacity,,,-1b,,,,,,,,,,
General-0-20250310-16:32:25-6414,attr,SimpleNetwork.client.eth[0].queue,dataCapacity,unit,b,,,,,,,,,,,
General-0-20250310-16:32:25-6414,param,SimpleNetwork.client.eth[0].queue,dropperClass,,,"""inet::queueing::PacketAtCollectionEndDropper""",,,,,,,,,,
General-0-20250310-16:32:25-6414,param,SimpleNetwork.client.eth[0].queue,comparatorClass,,,"""inet::EthernetFrameTypeComparator""",,,,,,,,,,
General-0-20250310-16:32:25-6414,param,SimpleNetwork.client.eth[0].queue,bufferModule,,,"""""",,,,,,,,,,
General-0-20250310-16:32:25-6414,param,SimpleNetwork.client.eth[0].mac,typename,,,"""inet.linklayer.ethernet.basic.EthernetMac""",,,,,,,,,,
General-0-20250310-16:32:25-6414,param,SimpleNetwork.client.eth[0].mac,interfaceTableModule,,,"""SimpleNetwork.client.interfaceTable""",,,,,,,,,,
General-0-20250310-16:32:25-6414,param,SimpleNetwork.client.eth[0].mac,displayStringTextFormat,,,"""rate: %b\nsent: %s, rcvd: %r\nqueue: %q, drop: %d""",,,,,,,,,,
General-0-20250310-16:32:25-6414,param,SimpleNetwork.client.eth[0].mac,sendRawBytes,,,false,,,,,,,,,,
General-0-20250310-16:32:25-6414,param,SimpleNetwork.client.eth[0].mac,promiscuous,,,false,,,,,,,,,,
General-0-20250310-16:32:25-6414,param,SimpleNetwork.client.eth[0].mac,duplexMode,,,true,,,,,,,,,,
General-0-20250310-16:32:25-6414,param,SimpleNetwork.client.eth[0].mac,mtu,,,1500B,,,,,,,,,,
General-0-20250310-16:32:25-6414,attr,SimpleNetwork.client.eth[0].mac,mtu,unit,B,,,,,,,,,,,
General-0-20250310-16:32:25-6414,param,SimpleNetwork.client.eth[0].mac,fcsMode,,,"""declared""",,,,,,,,,,
General-0-20250310-16:32:25-6414,attr,SimpleNetwork.client.eth[0].mac,fcsMode,enum,"declared,computed",,,,,,,,,,,
General-0-20250310-16:32:25-6414,param,SimpleNetwork.client.eth[0].mac,stopOperationExtraTime,,,-1s,,,,,,,,,,
General-0-20250310-16:32:25-6414,attr,SimpleNetwork.client.eth[0].mac,stopOperationExtraTime,unit,s,,,,,,,,,,,
General-0-20250310-16:32:25-6414,param,SimpleNetwork.client.eth[0].mac,stopOperationTimeout,,,2s,,,,,,,,,,
General-0-20250310-16:32:25-6414,attr,SimpleNetwork.client.eth[0].mac,stopOperationTimeout,unit,s,,,,,,,,,,,
General-0-20250310-16:32:25-6414,param,SimpleNetwork.client.eth[0],typename,,,"""inet.linklayer.ethernet.EthernetInterface""",,,,,,,,,,
General-0-20250310-16:32:25-6414,param,SimpleNetwork.client.eth[0],displayStringTextFormat,,,"""%a (%i)\n%m""",,,,,,,,,,
General-0-20250310-16:32:25-6414,param,SimpleNetwork.client.eth[0],recordPcap,,,false,,,,,,,,,,
General-0-20250310-16:32:25-6414,param,SimpleNetwork.client.eth[0],numPcapRecorders,,,0,,,,,,,,,,
General-0-20250310-16:32:25-6414,param,SimpleNetwork.client.eth[0],interfaceTableModule,,,"""SimpleNetwork.client.interfaceTable""",,,,,,,,,,
General-0-20250310-16:32:25-6414,param,SimpleNetwork.client.eth[0],protocol,,,"""ethernetmac""",,,,,,,,,,
General-0-20250310-16:32:25-6414,param,SimpleNetwork.client.eth[0],address,,,"""0A-AA-00-00-00-04""",,,,,,,,,,
General-0-20250310-16:32:25-6414,attr,SimpleNetwork.client.eth[0],address,mutable,,,,,,,,,,,,
General-0-20250310-16:32:25-6414,param,SimpleNetwork.client.eth[0],duplexMode,,,true,,,,,,,,,,
General-0-20250310-16:32:25-6414,param,SimpleNetwork.client.eth[0],csmacdSupport,,,false,,,,,,,,,,
General-0-20250310-16:32:25-6414,param,SimpleNetwork.client.eth[0],bitrate,,,0bps,,,,,,,,,,
General-0-20250310-16:32:25-6414,attr,SimpleNetwork.client.eth[0],bitrate,unit,bps,,,,,,,,,,,
General-0-20250310-16:32:25-6414,param,SimpleNetwork.client.eth[0],fcsMode,,,"""declared""",,,,,,,,,,
General-0-20250310-16:32:25-6414,attr,SimpleNetwork.client.eth[0],fcsMode,enum,"declared,computed",,,,,,,,,,,
General-0-20250310-16:32:25-6414,param,SimpleNetwork.client.ipv4.transportIn.channel,typename,,,"""ned.IdealChannel""",,,,,,,,,,
General-0-20250310-16:32:25-6414,param,SimpleNetwork.client.ipv4.up.out[0].channel,typename,,,"""ned.IdealChannel""",,,,,,,,,,
General-0-20250310-16:32:25-6414,param,SimpleNetwork.client.ipv4.lp.out[2].channel,typename,,,"""ned.IdealChannel""",,,,,,,,,,
General-0-20250310-16:32:25-6414,param,SimpleNetwork.client.ipv4.ifIn.channel,typename,,,"""ned.IdealChannel""",,,,,,,,,,
General-0-20250310-16:32:25-6414,param,SimpleNetwork.client.ipv4.configurator,typename,,,"""inet.networklayer.configurator.ipv4.Ipv4NodeConfigurator""",,,,,,,,,,
General-0-20250310-16:32:25-6414,param,SimpleNetwork.client.ipv4.configurator,interfaceTableModule,,,"""SimpleNetwork.client.interfaceTable""",,,,,,,,,,
General-0-20250310-16:32:25-6414,param,SimpleNetwork.client.ipv4.configurator,routingTableModule,,,"""SimpleNetwork.client.ipv4.routingTable""",,,,,,,,,,
General-0-20250310-16:32:25-6414,param,SimpleNetwork.client.ipv4.configurator,networkConfiguratorModule,,,"""configurator""",,,,,,,,,,
General-0-20250310-16:32:25-6414,param,SimpleNetwork.client.ipv4.configurator,configureRoutingTable,,,true,,,,,,,,,,
General-0-20250310-16:32:25-6414,param,SimpleNetwork.client.ipv4.routingTable,typename,,,"""inet.networklayer.ipv4.Ipv4RoutingTable""",,,,,,,,,,
General-0-20250310-16:32:25-6414,param,SimpleNetwork.client.ipv4.routingTable,interfaceTableModule,,,"""SimpleNetwork.client.interfaceTable""",,,,,,,,,,
General-0-20250310-16:32:25-6414,param,SimpleNetwork.client.ipv4.routingTable,routerId,,,"""auto""",,,,,,,,,,
General-0-20250310-16:32:25-6414,param,SimpleNetwork.client.ipv4.routingTable,netmaskRoutes,,,"""*""",,,,,,,,,,
General-0-20250310-16:32:25-6414,param,SimpleNetwork.client.ipv4.routingTable,forwarding,,,false,,,,,,,,,,
General-0-20250310-16:32:25-6414,param,SimpleNetwork.client.ipv4.routingTable,multicastForwarding,,,false,,,,,,,,,,
General-0-20250310-16:32:25-6414,param,SimpleNetwork.client.ipv4.routingTable,useAdminDist,,,false,,,,,,,,,,
General-0-20250310-16:32:25-6414,param,SimpleNetwork.client.ipv4.routingTable,routingFile,,,"""""",,,,,,,,,,
General-0-20250310-16:32:25-6414,param,SimpleNetwork.client.ipv4.natTable,typename,,,"""inet.networklayer.ipv4.Ipv4NatTable""",,,,,,,,,,
General-0-20250310-16:32:25-6414,param,SimpleNetwork.client.ipv4.natTable,networkProtocolModule,,,"""^.ip""",,,,,,,,,,
General-0-20250310-16:32:25-6414,param,SimpleNetwork.client.ipv4.natTable,config,,,<config/> at content:1,,,,,,,,,,
General-0-20250310-16:32:25-6414,param,SimpleNetwork.client.ipv4.up,typename,,,"""inet.common.MessageDispatcher""",,,,,,,,,,
General-0-20250310-16:32:25-6414,param,SimpleNetwork.client.ipv4.up,displayStringTextFormat,,,"""processed %p pk (%l)""",,,,,,,,,,
General-0-20250310-16:32:25-6414,param,SimpleNetwork.client.ipv4.up,forwardServiceRegistration,,,true,,,,,,,,,,
General-0-20250310-16:32:25-6414,param,SimpleNetwork.client.ipv4.up,forwardProtocolRegistration,,,true,,,,,,,,,,
General-0-20250310-16:32:25-6414,param,SimpleNetwork.client.ipv4.igmp,typename,,,"""inet.networklayer.ipv4.Igmpv2""",,,,,,,,,,
General-0-20250310-16:32:25-6414,param,SimpleNetwork.client.ipv4.igmp,interfaceTableModule,,,"""SimpleNetwork.client.interfaceTable""",,,,,,,,,,
General-0-20250310-16:32:25-6414,param,SimpleNetwork.client.ipv4.igmp,routingTableModule,,,"""SimpleNetwork.client.ipv4.routingTable""",,,,,,,,,,
General-0-20250310-16:32:25-6414,param,SimpleNetwork.client.ipv4.igmp,crcMode,,,"""declared""",,,,,,,,,,
General-0-20250310-16:32:25-6414,attr,SimpleNetwork.client.ipv4.igmp,crcMode,enum,"declared,computed",,,,,,,,,,,
General-0-20250310-16:32:25-6414,param,SimpleNetwork.client.ipv4.igmp,enabled,,,true,,,,,,,,,,
General-0-20250310-16:32:25-6414,param,SimpleNetwork.client.ipv4.igmp,robustnessVariable,,,2,,,,,,,,,,
General-0-20250310-16:32:25-6414,param,SimpleNetwork.client.ipv4.igmp,queryInterval,,,125s,,,,,,,,,,
General-0-20250310-16:32:25-6414,attr,SimpleNetwork.client.ipv4.igmp,queryInterval,unit,s,,,,,,,,,,,
General-0-20250310-16:32:25-6414,param,SimpleNetwork.client.ipv4.igmp,queryResponseInterval,,,10s,,,,,,,,,,
General-0-20250310-16:32:25-6414,attr,SimpleNetwork.client.ipv4.igmp,queryResponseInterval,unit,s,,,,,,,,,,,
General-0-20250310-16:32:25-6414,param,SimpleNetwork.client.ipv4.igmp,groupMembershipInterval,,,260s,,,,,,,,,,
General-0-20250310-16:32:25-6414,attr,SimpleNetwork.client.ipv4.igmp,groupMembershipInterval,unit,s,,,,,,,,,,,
General-0-20250310-16:32:25-6414,param,SimpleNetwork.client.ipv4.igmp,otherQuerierPresentInterval,,,255s,,,,,,,,,,
General-0-20250310-16:32:25-6414,attr,SimpleNetwork.client.ipv4.igmp,otherQuerierPresentInterval,unit,s,,,,,,,,,,,
General-0-20250310-16:32:25-6414,param,SimpleNetwork.client.ipv4.igmp,startupQueryInterval,,,31.25s,,,,,,,,,,
General-0-20250310-16:32:25-6414,attr,SimpleNetwork.client.ipv4.igmp,startupQueryInterval,unit,s,,,,,,,,,,,
General-0-20250310-16:32:25-6414,param,SimpleNetwork.client.ipv4.igmp,startupQueryCount,,,2,,,,,,,,,,
General-0-20250310-16:32:25-6414,param,SimpleNetwork.client.ipv4.igmp,lastMemberQueryInterval,,,1s,,,,,,,,,,
General-0-20250310-16:32:25-6414,attr,SimpleNetwork.client.ipv4.igmp,lastMemberQueryInterval,unit,s,,,,,,,,,,,
General-0-20250310-16:32:25-6414,param,SimpleNetwork.client.ipv4.igmp,lastMemberQueryCount,,,2,,,,,,,,,,
General-0-20250310-16:32:25-6414,param,SimpleNetwork.client.ipv4.igmp,unsolicitedReportInterval,,,10s,,,,,,,,,,
General-0-20250310-16:32:25-6414,attr,SimpleNetwork.client.ipv4.igmp,unsolicitedReportInterval,unit,s,,,,,,,,,,,
General-0-20250310-16:32:25-6414,param,SimpleNetwork.client.ipv4.icmp,typename,,,"""inet.networklayer.ipv4.Icmp""",,,,,,,,,,
General-0-20250310-16:32:25-6414,param,SimpleNetwork.client.ipv4.icmp,interfaceTableModule,,,"""SimpleNetwork.client.interfaceTable""",,,,,,,,,,
General-0-20250310-16:32:25-6414,param,SimpleNetwork.client.ipv4.icmp,routingTableModule,,,"""SimpleNetwork.client.ipv4.routingTable""",,,,,,,,,,
General-0-20250310-16:32:25-6414,param,SimpleNetwork.client.ipv4.icmp,crcMode,,,"""declared""",,,,,,,,,,
General-0-20250310-16:32:25-6414,attr,SimpleNetwork.client.ipv4.icmp,crcMode,enum,"declared,computed",,,,,,,,,,,
General-0-20250310-16:32:25-6414,attr,SimpleNetwork.client.ipv4.icmp,crcMode,mutable,,,,,,,,,,,,
General-0-20250310-16:32:25-6414,param,SimpleNetwork.client.ipv4.icmp,quoteLength,,,8B,,,,,,,,,,
General-0-20250310-16:32:25-6414,attr,SimpleNetwork.client.ipv4.icmp,quoteLength,mutable,,,,,,,,,,,,
General-0-20250310-16:32:25-6414,attr,SimpleNetwork.client.ipv4.icmp,quoteLength,unit,B,,,,,,,,,,,
General-0-20250310-16:32:25-6414,param,SimpleNetwork.client.ipv4.mp,typename,,,"""inet.common.MessageDispatcher""",,,,,,,,,,
General-0-20250310-16:32:25-6414,param,SimpleNetwork.client.ipv4.mp,displayStringTextFormat,,,"""processed %p pk (%l)""",,,,,,,,,,
General-0-20250310-16:32:25-6414,param,SimpleNetwork.client.ipv4.mp,forwardServiceRegistration,,,true,,,,,,,,,,
General-0-20250310-16:32:25-6414,param,SimpleNetwork.client.ipv4.mp,forwardProtocolRegistration,,,true,,,,,,,,,,
General-0-20250310-16:32:25-6414,param,SimpleNetwork.client.ipv4.ip,typename,,,"""inet.networklayer.ipv4.Ipv4""",,,,,,,,,,
General-0-20250310-16:32:25-6414,param,SimpleNetwork.client.ipv4.ip,interfaceTableModule,,,"""SimpleNetwork.client.interfaceTable""",,,,,,,,,,
General-0-20250310-16:32:25-6414,param,SimpleNetwork.client.ipv4.ip,routingTableModule,,,"""SimpleNetwork.client.ipv4.routingTable""",,,,,,,,,,
General-0-20250310-16:32:25-6414,param,SimpleNetwork.client.ipv4.ip,arpModule,,,"""SimpleNetwork.client.ipv4.arp""",,,,,,,,,,
General-0-20250310-16:32:25-6414,param,SimpleNetwork.client.ipv4.ip,icmpModule,,,"""SimpleNetwork.client.ipv4.icmp""",,,,,,,,,,
General-0-20250310-16:32:25-6414,param,SimpleNetwork.client.ipv4.ip,crcMode,,,"""declared""",,,,,,,,,,
General-0-20250310-16:32:25-6414,attr,SimpleNetwork.client.ipv4.ip,crcMode,enum,"declared,computed",,,,,,,,,,,
General-0-20250310-16:32:25-6414,param,SimpleNetwork.client.ipv4.ip,timeToLive,,,32,,,,,,,,,,
General-0-20250310-16:32:25-6414,param,SimpleNetwork.client.ipv4.ip,multicastTimeToLive,,,32,,,,,,,,,,
General-0-20250310-16:32:25-6414,param,SimpleNetwork.client.ipv4.ip,fragmentTimeout,,,60s,,,,,,,,,,
General-0-20250310-16:32:25-6414,attr,SimpleNetwork.client.ipv4.ip,fragmentTimeout,unit,s,,,,,,,,,,,
General-0-20250310-16:32:25-6414,param,SimpleNetwork.client.ipv4.ip,limitedBroadcast,,,false,,,,,,,,,,
General-0-20250310-16:32:25-6414,param,SimpleNetwork.client.ipv4.ip,directBroadcastInterfaces,,,"""""",,,,,,,,,,
General-0-20250310-16:32:25-6414,param,SimpleNetwork.client.ipv4.arp,typename,,,"""inet.networklayer.arp.ipv4.Arp""",,,,,,,,,,
General-0-20250310-16:32:25-6414,param,SimpleNetwork.client.ipv4.arp,interfaceTableModule,,,"""SimpleNetwork.client.interfaceTable""",,,,,,,,,,
General-0-20250310-16:32:25-6414,param,SimpleNetwork.client.ipv4.arp,routingTableModule,,,"""SimpleNetwork.client.ipv4.routingTable""",,,,,,,,,,
General-0-20250310-16:32:25-6414,param,SimpleNetwork.client.ipv4.arp,retryTimeout,,,1s,,,,,,,,,,
General-0-20250310-16:32:25-6414,attr,SimpleNetwork.client.ipv4.arp,retryTimeout,unit,s,,,,,,,,,,,
General-0-20250310-16:32:25-6414,param,SimpleNetwork.client.ipv4.arp,retryCount,,,3,,,,,,,,,,
General-0-20250310-16:32:25-6414,param,SimpleNetwork.client.ipv4.arp,cacheTimeout,,,120s,,,,,,,,,,
General-0-20250310-16:32:25-6414,attr,SimpleNetwork.client.ipv4.arp,cacheTimeout,unit,s,,,,,,,,,,,
General-0-20250310-16:32:25-6414,param,SimpleNetwork.client.ipv4.arp,proxyArpInterfaces,,,"""""",,,,,,,,,,
General-0-20250310-16:32:25-6414,param,SimpleNetwork.client.ipv4.lp,typename,,,"""inet.common.MessageDispatcher""",,,,,,,,,,
General-0-20250310-16:32:25-6414,param,SimpleNetwork.client.ipv4.lp,displayStringTextFormat,,,"""processed %p pk (%l)""",,,,,,,,,,
General-0-20250310-16:32:25-6414,param,SimpleNetwork.client.ipv4.lp,forwardServiceRegistration,,,true,,,,,,,,,,
General-0-20250310-16:32:25-6414,param,SimpleNetwork.client.ipv4.lp,forwardProtocolRegistration,,,true,,,,,,,,,,
General-0-20250310-16:32:25-6414,param,SimpleNetwork.client.ipv4,typename,,,"""inet.networklayer.ipv4.Ipv4NetworkLayer""",,,,,,,,,,
General-0-20250310-16:32:25-6414,param,SimpleNetwork.client.ipv4,forwarding,,,false,,,,,,,,,,
General-0-20250310-16:32:25-6414,param,SimpleNetwork.client.ipv4,multicastForwarding,,,false,,,,,,,,,,
General-0-20250310-16:32:25-6414,param,SimpleNetwork.client.ipv4,interfaceTableModule,,,"""SimpleNetwork.client.interfaceTable""",,,,,,,,,,
General-0-20250310-16:32:25-6414,param,SimpleNetwork.client.ipv4,displayStringTextFormat,,,"""%i""",,,,,,,,,,
General-0-20250310-16:32:25-6414,param,SimpleNetwork.client.nl,typename,,,"""inet.common.MessageDispatcher""",,,,,,,,,,
General-0-20250310-16:32:25-6414,param,SimpleNetwork.client.nl,displayStringTextFormat,,,"""processed %p pk (%l)""",,,,,,,,,,
General-0-20250310-16:32:25-6414,param,SimpleNetwork.client.nl,forwardServiceRegistration,,,true,,,,,,,,,,
General-0-20250310-16:32:25-6414,param,SimpleNetwork.client.nl,forwardProtocolRegistration,,,true,,,,,,,,,,
General-0-20250310-16:32:25-6414,param,SimpleNetwork.client.udp,typename,,,"""inet.transportlayer.udp.Udp""",,,,,,,,,,
General-0-20250310-16:32:25-6414,param,SimpleNetwork.client.udp,interfaceTableModule,,,"""SimpleNetwork.client.interfaceTable""",,,,,,,,,,
General-0-20250310-16:32:25-6414,param,SimpleNetwork.client.udp,icmpModule,,,"""^.ipv4.icmp""",,,,,,,,,,
General-0-20250310-16:32:25-6414,param,SimpleNetwork.client.udp,icmpv6Module,,,"""^.ipv6.icmpv6""",,,,,,,,,,
General-0-20250310-16:32:25-6414,param,SimpleNetwork.client.udp,crcMode,,,"""declared""",,,,,,,,,,
General-0-20250310-16:32:25-6414,attr,SimpleNetwork.client.udp,crcMode,enum,"disabled,declared,computed",,,,,,,,,,,
General-0-20250310-16:32:25-6414,param,SimpleNetwork.client.udp,defaultMulticastLoop,,,true,,,,,,,,,,
General-0-20250310-16:32:25-6414,param,SimpleNetwork.client.tcp,typename,,,"""inet.transportlayer.tcp.Tcp""",,,,,,,,,,
General-0-20250310-16:32:25-6414,param,SimpleNetwork.client.tcp,crcMode,,,"""declared""",,,,,,,,,,
General-0-20250310-16:32:25-6414,attr,SimpleNetwork.client.tcp,crcMode,enum,"declared,computed",,,,,,,,,,,
General-0-20250310-16:32:25-6414,param,SimpleNetwork.client.tcp,advertisedWindow,,,7504,,,,,,,,,,
General-0-20250310-16:32:25-6414,param,SimpleNetwork.client.tcp,delayedAcksEnabled,,,false,,,,,,,,,,
General-0-20250310-16:32:25-6414,param,SimpleNetwork.client.tcp,nagleEnabled,,,true,,,,,,,,,,
General-0-20250310-16:32:25-6414,param,SimpleNetwork.client.tcp,limitedTransmitEnabled,,,false,,,,,,,,,,
General-0-20250310-16:32:25-6414,param,SimpleNetwork.client.tcp,increasedIWEnabled,,,false,,,,,,,,,,
General-0-20250310-16:32:25-6414,param,SimpleNetwork.client.tcp,sackSupport,,,false,,,,,,,,,,
General-0-20250310-16:32:25-6414,param,SimpleNetwork.client.tcp,windowScalingSupport,,,false,,,,,,,,,,
General-0-20250310-16:32:25-6414,param,SimpleNetwork.client.tcp,windowScalingFactor,,,-1,,,,,,,,,,
General-0-20250310-16:32:25-6414,param,SimpleNetwork.client.tcp,timestampSupport,,,false,,,,,,,,,,
General-0-20250310-16:32:25-6414,param,SimpleNetwork.client.tcp,mss,,,536,,,,,,,,,,
General-0-20250310-16:32:25-6414,param,SimpleNetwork.client.tcp,msl,,,120s,,,,,,,,,,
General-0-20250310-16:32:25-6414,attr,SimpleNetwork.client.tcp,msl,unit,s,,,,,,,,,,,
General-0-20250310-16:32:25-6414,param,SimpleNetwork.client.tcp,tcpAlgorithmClass,,,"""TcpReno""",,,,,,,,,,
General-0-20250310-16:32:25-6414,param,SimpleNetwork.client.tcp,useDataNotification,,,false,,,,,,,,,,
General-0-20250310-16:32:25-6414,param,SimpleNetwork.client.tcp,dupthresh,,,3,,,,,,,,,,
General-0-20250310-16:32:25-6414,param,SimpleNetwork.client.tcp,initialSsthresh,,,4294967295,,,,,,,,,,
General-0-20250310-16:32:25-6414,param,SimpleNetwork.client.tcp,stopOperationExtraTime,,,0s,,,,,,,,,,
General-0-20250310-16:32:25-6414,attr,SimpleNetwork.client.tcp,stopOperationExtraTime,unit,s,,,,,,,,,,,
General-0-20250310-16:32:25-6414,param,SimpleNetwork.client.tcp,stopOperationTimeout,,,2s,,,,,,,,,,
General-0-20250310-16:32:25-6414,attr,SimpleNetwork.client.tcp,stopOperationTimeout,unit,s,,,,,,,,,,,
General-0-20250310-16:32:25-6414,param,SimpleNetwork.client.tcp,ecnWillingness,,,false,,,,,,,,,,
General-0-20250310-16:32:25-6414,param,SimpleNetwork.client.tcp,dctcpGamma,,,0.0625,,,,,,,,,,
General-0-20250310-16:32:25-6414,param,SimpleNetwork.client.tn,typename,,,"""inet.common.MessageDispatcher""",,,,,,,,,,
General-0-20250310-16:32:25-6414,param,SimpleNetwork.client.tn,displayStringTextFormat,,,"""processed %p pk (%l)""",,,,,,,,,,
General-0-20250310-16:32:25-6414,param,SimpleNetwork.client.tn,forwardServiceRegistration,,,true,,,,,,,,,,
General-0-20250310-16:32:25-6414,param,SimpleNetwork.client.tn,forwardProtocolRegistration,,,true,,,,,,,,,,
General-0-20250310-16:32:25-6414,param,SimpleNetwork.client.app[0],typename,,,"""inet.applications.udpapp.UdpBasicApp""",,,,,,,,,,
General-0-20250310-16:32:25-6414,param,SimpleNetwork.client.app[0],interfaceTableModule,,,"""SimpleNetwork.client.interfaceTable""",,,,,,,,,,
General-0-20250310-16:32:25-6414,param,SimpleNetwork.client.app[0],clockModule,,,"""""",,,,,,,,,,
General-0-20250310-16:32:25-6414,param,SimpleNetwork.client.app[0],localPort,,,-1,,,,,,,,,,
General-0-20250310-16:32:25-6414,param,SimpleNetwork.client.app[0],destAddresses,,,"""server""",,,,,,,,,,
General-0-20250310-16:32:25-6414,param,SimpleNetwork.client.app[0],localAddress,,,"""""",,,,,,,,,,
General-0-20250310-16:32:25-6414,param,SimpleNetwork.client.app[0],packetName,,,"""UdpBasicAppData""",,,,,,,,,,
General-0-20250310-16:32:25-6414,param,SimpleNetwork.client.app[0],destPort,,,5000,,,,,,,,,,
General-0-20250310-16:32:25-6414,param,SimpleNetwork.client.app[0],messageLength,,,1024B,,,,,,,,,,
General-0-20250310-16:32:25-6414,attr,SimpleNetwork.client.app[0],messageLength,unit,B,,,,,,,,,,,
General-0-20250310-16:32:25-6414,param,SimpleNetwork.client.app[0],startTime,,,0s,,,,,,,,,,
General-0-20250310-16:32:25-6414,attr,SimpleNetwork.client.app[0],startTime,unit,s,,,,,,,,,,,
General-0-20250310-16:32:25-6414,param,SimpleNetwork.client.app[0],stopTime,,,-1s,,,,,,,,,,
General-0-20250310-16:32:25-6414,attr,SimpleNetwork.client.app[0],stopTime,unit,s,,,,,,,,,,,
General-0-20250310-16:32:25-6414,param,SimpleNetwork.client.app[0],sendInterval,,,1s,,,,,,,,,,
General-0-20250310-16:32:25-6414,attr,SimpleNetwork.client.app[0],sendInterval,unit,s,,,,,,,,,,,
General-0-20250310-16:32:25-6414,param,SimpleNetwork.client.app[0],timeToLive,,,-1,,,,,,,,,,
General-0-20250310-16:32:25-6414,param,SimpleNetwork.client.app[0],dontFragment,,,false,,,,,,,,,,
General-0-20250310-16:32:25-6414,param,SimpleNetwork.client.app[0],dscp,,,-1,,,,,,,,,,
General-0-20250310-16:32:25-6414,param,SimpleNetwork.client.app[0],tos,,,-1,,,,,,,,,,
General-0-20250310-16:32:25-6414,param,SimpleNetwork.client.app[0],multicastInterface,,,"""""",,,,,,,,,,
General-0-20250310-16:32:25-6414,param,SimpleNetwork.client.app[0],receiveBroadcast,,,false,,,,,,,,,,
General-0-20250310-16:32:25-6414,param,SimpleNetwork.client.app[0],joinLocalMulticastGroups,,,false,,,,,,,,,,
General-0-20250310-16:32:25-6414,param,SimpleNetwork.client.app[0],stopOperationExtraTime,,,-1s,,,,,,,,,,
General-0-20250310-16:32:25-6414,attr,SimpleNetwork.client.app[0],stopOperationExtraTime,unit,s,,,,,,,,,,,
General-0-20250310-16:32:25-6414,param,SimpleNetwork.client.app[0],stopOperationTimeout,,,2s,,,,,,,,,,
General-0-20250310-16:32:25-6414,attr,SimpleNetwork.client.app[0],stopOperationTimeout,unit,s,,,,,,,,,,,
General-0-20250310-16:32:25-6414,param,SimpleNetwork.client.at,typename,,,"""inet.common.MessageDispatcher""",,,,,,,,,,
General-0-20250310-16:32:25-6414,param,SimpleNetwork.client.at,displayStringTextFormat,,,"""processed %p pk (%l)""",,,,,,,,,,
General-0-20250310-16:32:25-6414,param,SimpleNetwork.client.at,forwardServiceRegistration,,,true,,,,,,,,,,
General-0-20250310-16:32:25-6414,param,SimpleNetwork.client.at,forwardProtocolRegistration,,,true,,,,,,,,,,
General-0-20250310-16:32:25-6414,param,SimpleNetwork.client,typename,,,"""inet.node.inet.StandardHost""",,,,,,,,,,
General-0-20250310-16:32:25-6414,param,SimpleNetwork.client,hasStatus,,,false,,,,,,,,,,
General-0-20250310-16:32:25-6414,param,SimpleNetwork.client,osgModel,,,"""""",,,,,,,,,,
General-0-20250310-16:32:25-6414,param,SimpleNetwork.client,osgModelColor,,,"""""",,,,,,,,,,
General-0-20250310-16:32:25-6414,param,SimpleNetwork.client,canvasImage,,,"""""",,,,,,,,,,
General-0-20250310-16:32:25-6414,param,SimpleNetwork.client,canvasImageColor,,,"""""",,,,,,,,,,
General-0-20250310-16:32:25-6414,param,SimpleNetwork.client,recordPcap,,,false,,,,,,,,,,
General-0-20250310-16:32:25-6414,param,SimpleNetwork.client,numPcapRecorders,,,0,,,,,,,,,,
General-0-20250310-16:32:25-6414,param,SimpleNetwork.client,numLoInterfaces,,,1,,,,,,,,,,
General-0-20250310-16:32:25-6414,param,SimpleNetwork.client,numWlanInterfaces,,,0,,,,,,,,,,
General-0-20250310-16:32:25-6414,param,SimpleNetwork.client,numEthInterfaces,,,1,,,,,,,,,,
General-0-20250310-16:32:25-6414,param,SimpleNetwork.client,numPppInterfaces,,,0,,,,,,,,,,
General-0-20250310-16:32:25-6414,param,SimpleNetwork.client,numTunInterfaces,,,0,,,,,,,,,,
General-0-20250310-16:32:25-6414,param,SimpleNetwork.client,numVirtInterfaces,,,0,,,,,,,,,,
General-0-20250310-16:32:25-6414,param,SimpleNetwork.client,fcsMode,,,"""declared""",,,,,,,,,,
General-0-20250310-16:32:25-6414,attr,SimpleNetwork.client,fcsMode,enum,"declared,computed",,,,,,,,,,,
General-0-20250310-16:32:25-6414,param,SimpleNetwork.client,hasIpv4,,,true,,,,,,,,,,
General-0-20250310-16:32:25-6414,param,SimpleNetwork.client,hasIpv6,,,false,,,,,,,,,,
General-0-20250310-16:32:25-6414,param,SimpleNetwork.client,hasGn,,,false,,,,,,,,,,
General-0-20250310-16:32:25-6414,param,SimpleNetwork.client,forwarding,,,false,,,,,,,,,,
General-0-20250310-16:32:25-6414,param,SimpleNetwork.client,multicastForwarding,,,false,,,,,,,,,,
General-0-20250310-16:32:25-6414,param,SimpleNetwork.client,hasUdp,,,true,,,,,,,,,,
General-0-20250310-16:32:25-6414,param,SimpleNetwork.client,hasTcp,,,true,,,,,,,,,,
General-0-20250310-16:32:25-6414,param,SimpleNetwork.client,hasSctp,,,false,,,,,,,,,,
General-0-20250310-16:32:25-6414,param,SimpleNetwork.client,numApps,,,1,,,,,,,,,,
General-0-20250310-16:32:25-6414,param,SimpleNetwork,typename,,,"""test_project.usingStandardProtocols.SimpleNetwork""",,,,,,,,,,
General-0-20250310-16:32:25-6414,statistic,SimpleNetwork.client.app[0],rcvdPkLifetime:stats,,,,0,0,NaN,NaN,NaN,NaN,,,,
General-0-20250310-16:32:25-6414,attr,SimpleNetwork.client.app[0],rcvdPkLifetime:stats,interpolationmode,none,,,,,,,,,,,
General-0-20250310-16:32:25-6414,attr,SimpleNetwork.client.app[0],rcvdPkLifetime:stats,recordingmode,stats,,,,,,,,,,,
General-0-20250310-16:32:25-6414,attr,SimpleNetwork.client.app[0],rcvdPkLifetime:stats,source,dataAge(packetReceived),,,,,,,,,,,
General-0-20250310-16:32:25-6414,attr,SimpleNetwork.client.app[0],rcvdPkLifetime:stats,title,received packet lifetime,,,,,,,,,,,
General-0-20250310-16:32:25-6414,attr,SimpleNetwork.client.app[0],rcvdPkLifetime:stats,unit,s,,,,,,,,,,,
General-0-20250310-16:32:25-6414,histogram,SimpleNetwork.router.eth[0].queue,queueingTime:histogram,,,,1,1,0,NaN,0,0,0,0,"-0.5 -0.48 -0.46 -0.44 -0.42 -0.4 -0.38 -0.36 -0.34 -0.32 -0.3 -0.28 -0.26 -0.24 -0.22 -0.2 -0.18 -0.16 -0.14 -0.12 -0.1 -0.08 -0.06 -0.04 -0.02 0 0.02 0.04 0.06 0.08 0.1 0.12 0.14 0.16 0.18 0.2 0.22 0.24 0.26 0.28 0.3 0.32 0.34 0.36 0.38 0.4 0.42 0.44 0.46 0.48 0.5","0 0 0 0 0 0 0 0 0 0 0 0 0 0 0 0 0 0 0 0 0 0 0 0 0 1 0 0 0 0 0 0 0 0 0 0 0 0 0 0 0 0 0 0 0 0 0 0 0 0"
General-0-20250310-16:32:25-6414,attr,SimpleNetwork.router.eth[0].queue,queueingTime:histogram,interpolationmode,none,,,,,,,,,,,
General-0-20250310-16:32:25-6414,attr,SimpleNetwork.router.eth[0].queue,queueingTime:histogram,recordingmode,histogram,,,,,,,,,,,
General-0-20250310-16:32:25-6414,attr,SimpleNetwork.router.eth[0].queue,queueingTime:histogram,source,queueingTime(packetPulled),,,,,,,,,,,
General-0-20250310-16:32:25-6414,attr,SimpleNetwork.router.eth[0].queue,queueingTime:histogram,title,queueing times,,,,,,,,,,,
General-0-20250310-16:32:25-6414,attr,SimpleNetwork.router.eth[0].queue,queueingTime:histogram,unit,s,,,,,,,,,,,
General-0-20250310-16:32:25-6414,histogram,SimpleNetwork.router.eth[0].queue,outgoingPacketLengths:histogram,,,,1,1,368,NaN,368,368,0,0,"367 368 369","0 1"
General-0-20250310-16:32:25-6414,attr,SimpleNetwork.router.eth[0].queue,outgoingPacketLengths:histogram,interpolationmode,none,,,,,,,,,,,
General-0-20250310-16:32:25-6414,attr,SimpleNetwork.router.eth[0].queue,outgoingPacketLengths:histogram,recordingmode,histogram,,,,,,,,,,,
General-0-20250310-16:32:25-6414,attr,SimpleNetwork.router.eth[0].queue,outgoingPacketLengths:histogram,source,packetLength(packetPulled),,,,,,,,,,,
General-0-20250310-16:32:25-6414,attr,SimpleNetwork.router.eth[0].queue,outgoingPacketLengths:histogram,title,outgoing packet lengths,,,,,,,,,,,
General-0-20250310-16:32:25-6414,attr,SimpleNetwork.router.eth[0].queue,outgoingPacketLengths:histogram,unit,b,,,,,,,,,,,
General-0-20250310-16:32:25-6414,histogram,SimpleNetwork.router.eth[0].queue,flowQueueingTime:histogram,,,,0,0,NaN,NaN,NaN,NaN,0,0,"0 1","0"
General-0-20250310-16:32:25-6414,attr,SimpleNetwork.router.eth[0].queue,flowQueueingTime:histogram,interpolationmode,none,,,,,,,,,,,
General-0-20250310-16:32:25-6414,attr,SimpleNetwork.router.eth[0].queue,flowQueueingTime:histogram,recordingmode,histogram,,,,,,,,,,,
General-0-20250310-16:32:25-6414,attr,SimpleNetwork.router.eth[0].queue,flowQueueingTime:histogram,source,queueingTime(demuxFlow(packetPulled)),,,,,,,,,,,
General-0-20250310-16:32:25-6414,attr,SimpleNetwork.router.eth[0].queue,flowQueueingTime:histogram,title,flow queueing times,,,,,,,,,,,
General-0-20250310-16:32:25-6414,attr,SimpleNetwork.router.eth[0].queue,flowQueueingTime:histogram,unit,s,,,,,,,,,,,
General-0-20250310-16:32:25-6414,histogram,SimpleNetwork.router.eth[0].queue,incomingPacketLengths:histogram,,,,1,1,368,NaN,368,368,0,0,"367 368 369","0 1"
General-0-20250310-16:32:25-6414,attr,SimpleNetwork.router.eth[0].queue,incomingPacketLengths:histogram,interpolationmode,none,,,,,,,,,,,
General-0-20250310-16:32:25-6414,attr,SimpleNetwork.router.eth[0].queue,incomingPacketLengths:histogram,recordingmode,histogram,,,,,,,,,,,
General-0-20250310-16:32:25-6414,attr,SimpleNetwork.router.eth[0].queue,incomingPacketLengths:histogram,source,packetLength(packetPushStarted),,,,,,,,,,,
General-0-20250310-16:32:25-6414,attr,SimpleNetwork.router.eth[0].queue,incomingPacketLengths:histogram,title,incoming packet lengths,,,,,,,,,,,
General-0-20250310-16:32:25-6414,attr,SimpleNetwork.router.eth[0].queue,incomingPacketLengths:histogram,unit,b,,,,,,,,,,,
General-0-20250310-16:32:25-6414,histogram,SimpleNetwork.router.eth[1].queue,queueingTime:histogram,,,,2,2,0,0,0,0,0,0,"-0.5 -0.48 -0.46 -0.44 -0.42 -0.4 -0.38 -0.36 -0.34 -0.32 -0.3 -0.28 -0.26 -0.24 -0.22 -0.2 -0.18 -0.16 -0.14 -0.12 -0.1 -0.08 -0.06 -0.04 -0.02 0 0.02 0.04 0.06 0.08 0.1 0.12 0.14 0.16 0.18 0.2 0.22 0.24 0.26 0.28 0.3 0.32 0.34 0.36 0.38 0.4 0.42 0.44 0.46 0.48 0.5","0 0 0 0 0 0 0 0 0 0 0 0 0 0 0 0 0 0 0 0 0 0 0 0 0 2 0 0 0 0 0 0 0 0 0 0 0 0 0 0 0 0 0 0 0 0 0 0 0 0"
General-0-20250310-16:32:25-6414,attr,SimpleNetwork.router.eth[1].queue,queueingTime:histogram,interpolationmode,none,,,,,,,,,,,
General-0-20250310-16:32:25-6414,attr,SimpleNetwork.router.eth[1].queue,queueingTime:histogram,recordingmode,histogram,,,,,,,,,,,
General-0-20250310-16:32:25-6414,attr,SimpleNetwork.router.eth[1].queue,queueingTime:histogram,source,queueingTime(packetPulled),,,,,,,,,,,
General-0-20250310-16:32:25-6414,attr,SimpleNetwork.router.eth[1].queue,queueingTime:histogram,title,queueing times,,,,,,,,,,,
General-0-20250310-16:32:25-6414,attr,SimpleNetwork.router.eth[1].queue,queueingTime:histogram,unit,s,,,,,,,,,,,
General-0-20250310-16:32:25-6414,histogram,SimpleNetwork.router.eth[1].queue,outgoingPacketLengths:histogram,,,,2,2,4464,5792.6187514802,368,8560,0,0,"0 200 400 600 800 1000 1200 1400 1600 1800 2000 2200 2400 2600 2800 3000 3200 3400 3600 3800 4000 4200 4400 4600 4800 5000 5200 5400 5600 5800 6000 6200 6400 6600 6800 7000 7200 7400 7600 7800 8000 8200 8400 8600 8800 9000 9200 9400 9600 9800 10000 10200 10400 10600 10800","0 1 0 0 0 0 0 0 0 0 0 0 0 0 0 0 0 0 0 0 0 0 0 0 0 0 0 0 0 0 0 0 0 0 0 0 0 0 0 0 0 0 1 0 0 0 0 0 0 0 0 0 0 0"
General-0-20250310-16:32:25-6414,attr,SimpleNetwork.router.eth[1].queue,outgoingPacketLengths:histogram,interpolationmode,none,,,,,,,,,,,
General-0-20250310-16:32:25-6414,attr,SimpleNetwork.router.eth[1].queue,outgoingPacketLengths:histogram,recordingmode,histogram,,,,,,,,,,,
General-0-20250310-16:32:25-6414,attr,SimpleNetwork.router.eth[1].queue,outgoingPacketLengths:histogram,source,packetLength(packetPulled),,,,,,,,,,,
General-0-20250310-16:32:25-6414,attr,SimpleNetwork.router.eth[1].queue,outgoingPacketLengths:histogram,title,outgoing packet lengths,,,,,,,,,,,
General-0-20250310-16:32:25-6414,attr,SimpleNetwork.router.eth[1].queue,outgoingPacketLengths:histogram,unit,b,,,,,,,,,,,
General-0-20250310-16:32:25-6414,histogram,SimpleNetwork.router.eth[1].queue,flowQueueingTime:histogram,,,,0,0,NaN,NaN,NaN,NaN,0,0,"0 1","0"
General-0-20250310-16:32:25-6414,attr,SimpleNetwork.router.eth[1].queue,flowQueueingTime:histogram,interpolationmode,none,,,,,,,,,,,
General-0-20250310-16:32:25-6414,attr,SimpleNetwork.router.eth[1].queue,flowQueueingTime:histogram,recordingmode,histogram,,,,,,,,,,,
General-0-20250310-16:32:25-6414,attr,SimpleNetwork.router.eth[1].queue,flowQueueingTime:histogram,source,queueingTime(demuxFlow(packetPulled)),,,,,,,,,,,
General-0-20250310-16:32:25-6414,attr,SimpleNetwork.router.eth[1].queue,flowQueueingTime:histogram,title,flow queueing times,,,,,,,,,,,
General-0-20250310-16:32:25-6414,attr,SimpleNetwork.router.eth[1].queue,flowQueueingTime:histogram,unit,s,,,,,,,,,,,
General-0-20250310-16:32:25-6414,histogram,SimpleNetwork.router.eth[1].queue,incomingPacketLengths:histogram,,,,2,2,4464,5792.6187514802,368,8560,0,0,"0 200 400 600 800 1000 1200 1400 1600 1800 2000 2200 2400 2600 2800 3000 3200 3400 3600 3800 4000 4200 4400 4600 4800 5000 5200 5400 5600 5800 6000 6200 6400 6600 6800 7000 7200 7400 7600 7800 8000 8200 8400 8600 8800 9000 9200 9400 9600 9800 10000 10200 10400 10600 10800","0 1 0 0 0 0 0 0 0 0 0 0 0 0 0 0 0 0 0 0 0 0 0 0 0 0 0 0 0 0 0 0 0 0 0 0 0 0 0 0 0 0 1 0 0 0 0 0 0 0 0 0 0 0"
General-0-20250310-16:32:25-6414,attr,SimpleNetwork.router.eth[1].queue,incomingPacketLengths:histogram,interpolationmode,none,,,,,,,,,,,
General-0-20250310-16:32:25-6414,attr,SimpleNetwork.router.eth[1].queue,incomingPacketLengths:histogram,recordingmode,histogram,,,,,,,,,,,
General-0-20250310-16:32:25-6414,attr,SimpleNetwork.router.eth[1].queue,incomingPacketLengths:histogram,source,packetLength(packetPushStarted),,,,,,,,,,,
General-0-20250310-16:32:25-6414,attr,SimpleNetwork.router.eth[1].queue,incomingPacketLengths:histogram,title,incoming packet lengths,,,,,,,,,,,
General-0-20250310-16:32:25-6414,attr,SimpleNetwork.router.eth[1].queue,incomingPacketLengths:histogram,unit,b,,,,,,,,,,,
General-0-20250310-16:32:25-6414,histogram,SimpleNetwork.server.eth[0].queue,queueingTime:histogram,,,,1,1,0,NaN,0,0,0,0,"-0.5 -0.48 -0.46 -0.44 -0.42 -0.4 -0.38 -0.36 -0.34 -0.32 -0.3 -0.28 -0.26 -0.24 -0.22 -0.2 -0.18 -0.16 -0.14 -0.12 -0.1 -0.08 -0.06 -0.04 -0.02 0 0.02 0.04 0.06 0.08 0.1 0.12 0.14 0.16 0.18 0.2 0.22 0.24 0.26 0.28 0.3 0.32 0.34 0.36 0.38 0.4 0.42 0.44 0.46 0.48 0.5","0 0 0 0 0 0 0 0 0 0 0 0 0 0 0 0 0 0 0 0 0 0 0 0 0 1 0 0 0 0 0 0 0 0 0 0 0 0 0 0 0 0 0 0 0 0 0 0 0 0"
General-0-20250310-16:32:25-6414,attr,SimpleNetwork.server.eth[0].queue,queueingTime:histogram,interpolationmode,none,,,,,,,,,,,
General-0-20250310-16:32:25-6414,attr,SimpleNetwork.server.eth[0].queue,queueingTime:histogram,recordingmode,histogram,,,,,,,,,,,
General-0-20250310-16:32:25-6414,attr,SimpleNetwork.server.eth[0].queue,queueingTime:histogram,source,queueingTime(packetPulled),,,,,,,,,,,
General-0-20250310-16:32:25-6414,attr,SimpleNetwork.server.eth[0].queue,queueingTime:histogram,title,queueing times,,,,,,,,,,,
General-0-20250310-16:32:25-6414,attr,SimpleNetwork.server.eth[0].queue,queueingTime:histogram,unit,s,,,,,,,,,,,
General-0-20250310-16:32:25-6414,histogram,SimpleNetwork.server.eth[0].queue,outgoingPacketLengths:histogram,,,,1,1,368,NaN,368,368,0,0,"367 368 369","0 1"
General-0-20250310-16:32:25-6414,attr,SimpleNetwork.server.eth[0].queue,outgoingPacketLengths:histogram,interpolationmode,none,,,,,,,,,,,
General-0-20250310-16:32:25-6414,attr,SimpleNetwork.server.eth[0].queue,outgoingPacketLengths:histogram,recordingmode,histogram,,,,,,,,,,,
General-0-20250310-16:32:25-6414,attr,SimpleNetwork.server.eth[0].queue,outgoingPacketLengths:histogram,source,packetLength(packetPulled),,,,,,,,,,,
General-0-20250310-16:32:25-6414,attr,SimpleNetwork.server.eth[0].queue,outgoingPacketLengths:histogram,title,outgoing packet lengths,,,,,,,,,,,
General-0-20250310-16:32:25-6414,attr,SimpleNetwork.server.eth[0].queue,outgoingPacketLengths:histogram,unit,b,,,,,,,,,,,
General-0-20250310-16:32:25-6414,histogram,SimpleNetwork.server.eth[0].queue,flowQueueingTime:histogram,,,,0,0,NaN,NaN,NaN,NaN,0,0,"0 1","0"
General-0-20250310-16:32:25-6414,attr,SimpleNetwork.server.eth[0].queue,flowQueueingTime:histogram,interpolationmode,none,,,,,,,,,,,
General-0-20250310-16:32:25-6414,attr,SimpleNetwork.server.eth[0].queue,flowQueueingTime:histogram,recordingmode,histogram,,,,,,,,,,,
General-0-20250310-16:32:25-6414,attr,SimpleNetwork.server.eth[0].queue,flowQueueingTime:histogram,source,queueingTime(demuxFlow(packetPulled)),,,,,,,,,,,
General-0-20250310-16:32:25-6414,attr,SimpleNetwork.server.eth[0].queue,flowQueueingTime:histogram,title,flow queueing times,,,,,,,,,,,
General-0-20250310-16:32:25-6414,attr,SimpleNetwork.server.eth[0].queue,flowQueueingTime:histogram,unit,s,,,,,,,,,,,
General-0-20250310-16:32:25-6414,histogram,SimpleNetwork.server.eth[0].queue,incomingPacketLengths:histogram,,,,1,1,368,NaN,368,368,0,0,"367 368 369","0 1"
General-0-20250310-16:32:25-6414,attr,SimpleNetwork.server.eth[0].queue,incomingPacketLengths:histogram,interpolationmode,none,,,,,,,,,,,
General-0-20250310-16:32:25-6414,attr,SimpleNetwork.server.eth[0].queue,incomingPacketLengths:histogram,recordingmode,histogram,,,,,,,,,,,
General-0-20250310-16:32:25-6414,attr,SimpleNetwork.server.eth[0].queue,incomingPacketLengths:histogram,source,packetLength(packetPushStarted),,,,,,,,,,,
General-0-20250310-16:32:25-6414,attr,SimpleNetwork.server.eth[0].queue,incomingPacketLengths:histogram,title,incoming packet lengths,,,,,,,,,,,
General-0-20250310-16:32:25-6414,attr,SimpleNetwork.server.eth[0].queue,incomingPacketLengths:histogram,unit,b,,,,,,,,,,,
General-0-20250310-16:32:25-6414,histogram,SimpleNetwork.server.app[0],endToEndDelay:histogram,,,,1,1,0.0019555,NaN,0.0019555,0.0019555,0,0,"0 0.01 0.02 0.03 0.04 0.05 0.06 0.07 0.08 0.09 0.1 0.11 0.12 0.13 0.14 0.15 0.16 0.17 0.18 0.19 0.2 0.21 0.22 0.23 0.24 0.25 0.26 0.27 0.28 0.29 0.3 0.31 0.32 0.33 0.34 0.35 0.36 0.37 0.38 0.39 0.4 0.41 0.42 0.43 0.44 0.45 0.46 0.47 0.48 0.49 0.5 0.51","1 0 0 0 0 0 0 0 0 0 0 0 0 0 0 0 0 0 0 0 0 0 0 0 0 0 0 0 0 0 0 0 0 0 0 0 0 0 0 0 0 0 0 0 0 0 0 0 0 0 0"
General-0-20250310-16:32:25-6414,attr,SimpleNetwork.server.app[0],endToEndDelay:histogram,interpolationmode,none,,,,,,,,,,,
General-0-20250310-16:32:25-6414,attr,SimpleNetwork.server.app[0],endToEndDelay:histogram,recordingmode,histogram,,,,,,,,,,,
General-0-20250310-16:32:25-6414,attr,SimpleNetwork.server.app[0],endToEndDelay:histogram,source,dataAge(packetReceived),,,,,,,,,,,
General-0-20250310-16:32:25-6414,attr,SimpleNetwork.server.app[0],endToEndDelay:histogram,title,end-to-end delay,,,,,,,,,,,
General-0-20250310-16:32:25-6414,attr,SimpleNetwork.server.app[0],endToEndDelay:histogram,unit,s,,,,,,,,,,,
General-0-20250310-16:32:25-6414,histogram,SimpleNetwork.client.eth[0].queue,queueingTime:histogram,,,,9,9,0,0,0,0,0,0,"-0.5 -0.48 -0.46 -0.44 -0.42 -0.4 -0.38 -0.36 -0.34 -0.32 -0.3 -0.28 -0.26 -0.24 -0.22 -0.2 -0.18 -0.16 -0.14 -0.12 -0.1 -0.08 -0.06 -0.04 -0.02 0 0.02 0.04 0.06 0.08 0.1 0.12 0.14 0.16 0.18 0.2 0.22 0.24 0.26 0.28 0.3 0.32 0.34 0.36 0.38 0.4 0.42 0.44 0.46 0.48 0.5","0 0 0 0 0 0 0 0 0 0 0 0 0 0 0 0 0 0 0 0 0 0 0 0 0 9 0 0 0 0 0 0 0 0 0 0 0 0 0 0 0 0 0 0 0 0 0 0 0 0"
General-0-20250310-16:32:25-6414,attr,SimpleNetwork.client.eth[0].queue,queueingTime:histogram,interpolationmode,none,,,,,,,,,,,
General-0-20250310-16:32:25-6414,attr,SimpleNetwork.client.eth[0].queue,queueingTime:histogram,recordingmode,histogram,,,,,,,,,,,
General-0-20250310-16:32:25-6414,attr,SimpleNetwork.client.eth[0].queue,queueingTime:histogram,source,queueingTime(packetPulled),,,,,,,,,,,
General-0-20250310-16:32:25-6414,attr,SimpleNetwork.client.eth[0].queue,queueingTime:histogram,title,queueing times,,,,,,,,,,,
General-0-20250310-16:32:25-6414,attr,SimpleNetwork.client.eth[0].queue,queueingTime:histogram,unit,s,,,,,,,,,,,
General-0-20250310-16:32:25-6414,histogram,SimpleNetwork.client.eth[0].queue,outgoingPacketLengths:histogram,,,,9,9,7649.7777777778,2730.6666666667,368,8560,0,0,"0 200 400 600 800 1000 1200 1400 1600 1800 2000 2200 2400 2600 2800 3000 3200 3400 3600 3800 4000 4200 4400 4600 4800 5000 5200 5400 5600 5800 6000 6200 6400 6600 6800 7000 7200 7400 7600 7800 8000 8200 8400 8600 8800 9000 9200 9400 9600 9800 10000 10200 10400 10600 10800","0 1 0 0 0 0 0 0 0 0 0 0 0 0 0 0 0 0 0 0 0 0 0 0 0 0 0 0 0 0 0 0 0 0 0 0 0 0 0 0 0 0 8 0 0 0 0 0 0 0 0 0 0 0"
General-0-20250310-16:32:25-6414,attr,SimpleNetwork.client.eth[0].queue,outgoingPacketLengths:histogram,interpolationmode,none,,,,,,,,,,,
General-0-20250310-16:32:25-6414,attr,SimpleNetwork.client.eth[0].queue,outgoingPacketLengths:histogram,recordingmode,histogram,,,,,,,,,,,
General-0-20250310-16:32:25-6414,attr,SimpleNetwork.client.eth[0].queue,outgoingPacketLengths:histogram,source,packetLength(packetPulled),,,,,,,,,,,
General-0-20250310-16:32:25-6414,attr,SimpleNetwork.client.eth[0].queue,outgoingPacketLengths:histogram,title,outgoing packet lengths,,,,,,,,,,,
General-0-20250310-16:32:25-6414,attr,SimpleNetwork.client.eth[0].queue,outgoingPacketLengths:histogram,unit,b,,,,,,,,,,,
General-0-20250310-16:32:25-6414,histogram,SimpleNetwork.client.eth[0].queue,flowQueueingTime:histogram,,,,0,0,NaN,NaN,NaN,NaN,0,0,"0 1","0"
General-0-20250310-16:32:25-6414,attr,SimpleNetwork.client.eth[0].queue,flowQueueingTime:histogram,interpolationmode,none,,,,,,,,,,,
General-0-20250310-16:32:25-6414,attr,SimpleNetwork.client.eth[0].queue,flowQueueingTime:histogram,recordingmode,histogram,,,,,,,,,,,
General-0-20250310-16:32:25-6414,attr,SimpleNetwork.client.eth[0].queue,flowQueueingTime:histogram,source,queueingTime(demuxFlow(packetPulled)),,,,,,,,,,,
General-0-20250310-16:32:25-6414,attr,SimpleNetwork.client.eth[0].queue,flowQueueingTime:histogram,title,flow queueing times,,,,,,,,,,,
General-0-20250310-16:32:25-6414,attr,SimpleNetwork.client.eth[0].queue,flowQueueingTime:histogram,unit,s,,,,,,,,,,,
General-0-20250310-16:32:25-6414,histogram,SimpleNetwork.client.eth[0].queue,incomingPacketLengths:histogram,,,,9,9,7649.7777777778,2730.6666666667,368,8560,0,0,"0 200 400 600 800 1000 1200 1400 1600 1800 2000 2200 2400 2600 2800 3000 3200 3400 3600 3800 4000 4200 4400 4600 4800 5000 5200 5400 5600 5800 6000 6200 6400 6600 6800 7000 7200 7400 7600 7800 8000 8200 8400 8600 8800 9000 9200 9400 9600 9800 10000 10200 10400 10600 10800","0 1 0 0 0 0 0 0 0 0 0 0 0 0 0 0 0 0 0 0 0 0 0 0 0 0 0 0 0 0 0 0 0 0 0 0 0 0 0 0 0 0 8 0 0 0 0 0 0 0 0 0 0 0"
General-0-20250310-16:32:25-6414,attr,SimpleNetwork.client.eth[0].queue,incomingPacketLengths:histogram,interpolationmode,none,,,,,,,,,,,
General-0-20250310-16:32:25-6414,attr,SimpleNetwork.client.eth[0].queue,incomingPacketLengths:histogram,recordingmode,histogram,,,,,,,,,,,
General-0-20250310-16:32:25-6414,attr,SimpleNetwork.client.eth[0].queue,incomingPacketLengths:histogram,source,packetLength(packetPushStarted),,,,,,,,,,,
General-0-20250310-16:32:25-6414,attr,SimpleNetwork.client.eth[0].queue,incomingPacketLengths:histogram,title,incoming packet lengths,,,,,,,,,,,
General-0-20250310-16:32:25-6414,attr,SimpleNetwork.client.eth[0].queue,incomingPacketLengths:histogram,unit,b,,,,,,,,,,,
